103.6 Radyo Light,https://yayin.radiolight.net:8005/live
112 ACiL FM,http://95.173.185.128:9316/;
90'LAR,http://37.247.98.8/stream/166/
90'LAR,https://moondigitalmaster.radyotvonline.net/90lar/playlist.m3u8
A HABER RADYO,https://trkvz-radyolar.ercdn.net/ahaberradyo/playlist.m3u8
A NEWS RADYO,https://trkvz-radyolar.ercdn.net/anewsradyo/playlist.m3u8
A PARA RADYO,https://trkvz-radyolar.ercdn.net/apararadyo/playlist.m3u8
A SPOR RADYO,https://trkvz-radyolar.ercdn.net/asporradyo/playlist.m3u8
ABUZER FM,http://live.radyotvonline.com:9030/;
ACIPAYAM GURBETÇİ FM,http://live2.radyotvonline.com:8750
ACIPAYAM GURBETÇİ FM,https://wowza1.radyotvonline.com/shoutcast/gurbetcifm.stream/playlist.m3u8
ADA FM Sakarya,http://adafm.net:6262/;
ADANA FM Arabesk,https://host.onlineradyotv.net/8004/stream
ADANA LİDER FM,http://yayin1.yayindakiler.com:3046/;
ADANA RADYO SEYHAN,https://radyo.yayindakiler.com/stream/adanaseyhan/stream
ADANA SÜPER FM,http://yayin2.yayindakiler.com:4002/;
ADIYAMAN ASR FM,http://yayin2.yayindakiler.com:4072/;
ADIYAMAN GÜNEY RADYO,http://sunucu2.radyolarburada.com:9920/;
ADIYAMAN MERT FM,http://yayin2.yayindakiler.com:4004
AFYON ARMONİ FM,http://yayin.yayindakiler.com:4084/;stream.mp3
AFYON ARMONİ FM,https://vofile.ru/turkey/armoni_fm/icecast.audio
AFYON GÜN FM,https://gunfmnet.80.yayin.com.tr/mp3/1/?icy=http
AFYON RADYO 03,http://sunucu.radyodinle.com:1303/;
AFYON RADYO 03,https://reshun.ru/turkey/radyo-03-afyon/icecast.audio
AFYON RADYO LOJİK,http://94.102.2.199:9710/;stream.nsv
AFYON RADYO LOJİK,https://vofile.ru/turkey/radyo_lojik/icecast.audio
AFŞİN FM,https://radyo.arkacadde.org/radio/4646/afsinradyo.mp3
AHISKA FM,http://radyo.ahiska.net:8063/;stream.nsv
AKDAĞ FM,http://radyovetv.com:7051/;stream.mp3
AKDENİZ FM,https://radio-streaming.net/turkey/akdeniz-fm-89-2/icecast.audio
AKHİSAR METRONOM FM,http://77.245.159.181:9360/;
AKRA FM,https://cdn3.akradyo.net/akracanli2/_definst_/livestream_aac/playlist.m3u8
AKSARAY FM,http://yayin.yayindakiler.com:4010/;stream.mp3
AKSARAY FM,https://vofile.ru/turkey/aksaray_fm_dinle/icecast.audio
AKSARAY KRAL FM,http://yayin.yayindakiler.com:4020/;stream.mp3
AKUSTİKLAND,https://moondigitaledge.radyotvonline.net/akustikland/playlist.m3u8
AKŞEHİR DOĞAN FM,http://yayin.turkhosted.com:6046/;stream.mp3
AKŞEHİR MEGA RADYO,http://yayin1.canliyayin.org:7078/;stream.mp3
ALANYA FM,https://alanyafm.80.yayin.com.tr/;
ALEM FM,http://37.247.100.104/stream/552/
ALEM FM,https://turkmedya.radyotvonline.com/turkmedya/alemfm.stream/playlist.m3u8
ALEM FM,https://turkmedya.radyotvonline.net/alemfmaac
ALPARSLAN FM,https://ssl123.ozelip.com/8022/;
ALPARSLAN FM,https://ssl123.ozelip.com:7010/;
ALTIN ŞARKILAR,http://37.247.98.8/stream/25/
ALTIN ŞARKILAR,https://moondigitalmaster.radyotvonline.net/altinsarkilar/playlist.m3u8
ALİAĞA AKTİF FM,http://85.95.241.151:9170/;
ALİAĞA AKTİF FM,http://85.95.241.151:9170/aktiffm
ALİAĞA AKTİF FM,http://yayin.aktiffm.com.tr:9170/;
ALİAĞA AKTİF FM,http://yayin.aktiffm.com.tr:9170/aktiffm
AMASYA FM,https://sp.radyotescil.com/8030/stream
ANKARA HAVALARI,http://37.247.98.8/stream/30/
ANKARA HAVALARI,https://moondigitalmaster.radyotvonline.net/ankarahavalari/playlist.m3u8
ANKARA ÜNİVERSİTESİ,http://radyo.cc.ankara.edu.tr:8089/;stream/1
ANTAKYA RADYO RENK,http://yayin1.yayindakiler.com:3016/renk
ANTAKYA RADYO RENK,https://reshun.ru/turkey/radyo-renk-fm-antakya/icecast.audio
ANTALYA RADYO AKDENİZ,http://95.173.162.188:9310/;
ANTALYA RADYO AKDENİZ,https://vofile.ru/turkey/radyo_akdeniz_antalya/icecast.audio
ARABESK ALEMİ,http://arabeskalemi.net:9300/stream?icy=http
ARABESK DAMAR FM,https://vofile.ru/turkey/arabesk_damar_fm/icecast.audio
ARABESK DAMAR,FM http://95.173.188.170:9306/;
ARABESK FM BİZ,https://yayin.arabeskfm.biz:8042/stream?icy=http
ARABESK FM,http://37.59.205.232:6688/;stream.mp3
ARABESK FM,http://anadolu.liderhost.com.tr:6688/;
ARABESK FM,https://anadolu.liderhost.com.tr:10949/;
ARABESK MELODİ FM,http://arabeskmelodi.kesintisizyayin.com:8888/;
ARABESK MELODİ FM,https://ssl224.radyotelekom.com.tr/listen/244cda65afe5c572a14c7bda85af6162
ARABESK RADYO BİZ,https://dinle.arabeskradyo.biz//mp3/1/?icy=http
ARABESK RADYO,http://37.247.101.101:5934/;
ARABESK RADYO,https://radyopanel.turkwebdizayn.com/5934/stream
ARABESK TÜRKİYE,http://159.253.37.137:9814/stream
ARABESK TÜRKİYE,https://vofile.ru/turkey/arabesk_turkiye_dinle/icecast.audio
ARABESK TÜRKİYE,https://vofile.ru/turkey/arabesk_turkiye_dinle/playlist.m3u8
ARABESK VADİSİ,https://sp.radyotescil.com/8010/stream
ARABESKLAND,https://moondigitalmaster.radyotvonline.net/arabeskland/playlist.m3u8
ARABESKİN SESİ FM,https://sp.radyotescil.com/8042/stream/;stream.mp3
ARDAHAN FM,https://ssl120.radyotelekom.com.tr/8270/;
ARKADAŞ FM,http://yayin.yayindakiler.com:4134/;stream.mp3;/;type=mp3
ARNAVUTKÖY FM,https://arnavut2.80.yayin.com.tr/;
ART FM Amasya,https://59cba4d34b678.streamlock.net/radyo/artfm/playlist.m3u8
ART FM Antalya,http://yayin.liderhost.net:9338/;
ATLANTİS FM,http://live4.radyotvonline.com:9400/;
AVRASYA TÜRK,http://radyoavrasya.radyolarburada.com:1071/;type=mp3
AVRASYA TÜRK,https://vofile.ru/turkey/radyo-avrasya-turk/icecast.audio
AYYILDIZ FM,http://95.173.188.166:9992/;
AÇIK RADYO,https://stream.34bit.net/ar.opus
AŞK FM İzmir,http://AskFm.CO:9300/;
AŞK FM,http://yayin.asymedya.com:8020/1;
AŞK FM,https://vofile.ru/turkey/Ask_fm/icecast.audio
BABA RADYO,http://37.247.98.7/;stream.mp3
BABA RADYO,http://37.247.98.7/babaradyomp3
BABA RADYO,http://46.20.7.116/babaradyoaac
BABA RADYO,http://46.20.7.116:80/;stream.mp3
BABA RADYO,https://babaradyo.turkhosted.com/best/babaradyo.stream/playlist.m3u8
BABYJOY,https://17753.live.streamtheworld.com/BABYJOY128AAC.aac
BABYLAND,https://moondigitaledge.radyotvonline.net/babyland/playlist.m3u8
BAFRA BARIŞ FM,http://95.173.184.20:9588/;
BAFRA BARIŞ FM,https://vofile.ru/turkey/baris_fm/icecast.audio
BAL 10 FM,https://anadolu.liderhost.com.tr:10928/;
BANAZ DOST FM,http://159.253.39.180:9968/;
BANDIRMA GENÇ FM,http://yayin1.canliyayin.org:7048/;stream.mp3
BANDIRMA RADYO VENÜS,http://yayin3.canlitv.com:9020/;
BARIŞ RADYO,http://yayin2.canliyayin.org:9350/;
BARTIN FM,http://95.173.162.188:9824/;
BARTIN FM,https://vofile.ru/turkey/74_bartin_fm/icecast.audio
BATI RADYO,https://sslyayin.netyayin.net:10902/;
BAYRAM FM,https://sslyayin.netyayin.net/3442/stream
BAŞAK FM,http://www.basakfm.net:9797/;
BAŞKA,https://18463.live.streamtheworld.com/BASKA128AAC.aac
BEST FM,http://37.247.100.100/best/bestfm.stream/playlist.m3u8
BEST FM,http://46.20.7.125/bestfmaac
BEST FM,http://46.20.7.126/;stream.mp3
BEST FM,http://46.20.7.126/bestfmmp3
BEST FM,https://babaradyo.turkhosted.com/best/bestfm.stream/playlist.m3u8
BEST FM,https://bestfm.turkhosted.com/;stream.mp3
BESTE FM,https://server22692.streamplus.de/;stream.mp3
BEY FM,http://45.32.154.169:9304/;stream.mp3
BEYZADE FM,http://sunucu.radyodinle.com:9900/;
BLOOMBERG HT RADYO,https://ciner-live.ercdn.net/bloombergradyo/bloombergradyo_1.m3u8
BODRUM FM,http://nephelis.com:8000/;
BOLU FM,http://yayin3.canlitv.com:8090/;
BOLU RADYO YANKI,http://159.253.39.179:9918/;
BORUSAN KLASIK,https://18463.live.streamtheworld.com/BORUSAN_KLASIK128AAC.aac
BOTAN FM,http://yayin1.canliyayin.org:8026/;
BOĞAZLIYAN FM,http://yayin3.canlitv.com:6080/;
BRT BAYRAK FM,http://sc.brtk.net:8000
BRT BAYRAK INT,http://sc.brtk.net:8004/
BRT BAYRAK KLASİK,http://sc.brtk.net:8006/
BRT BAYRAK RADYO HABER,http://sc.brtk.net:8008/
BRT BAYRAK RADYOSU,http://sc.brtk.net:8002/
BRT BAYRAK TÜRK MÜZİĞİ,http://sc.brtk.net:8010/
BUCAK FM,http://95.173.184.20:9588/;
BURSA 1001 FM,http://yayin3.canlitv.com:9050/;stream.mp3
BURSA DENİZ FM,http://yayin2.yayindakiler.com:4152/;
BURSA DOST FM,https://vofile.ru/turkey/dost_fm_bursa/icecast.audio
BURSA FM,http://yayin.bursafm.com.tr:1055/;
BURSA KARADENIZ FM,http://yayin.yayindakiler.com:4074/;stream.mp3
BURSA KARADENIZ FM,https://vofile.ru/turkey/bursa_karadeniz_fm/icecast.audio
BURSA RADYO 14,http://yayin3.canlitv.com:7020/;stream.mp3
BURSA RADYO 16,http://kaanhost.com:9630/;
BURSA RADYO 16,https://vofile.ru/turkey/radyo_16_dinle/icecast.audio
BURSA RADYO AKTİF,https://icecast.netmedya.net/radyoaktif
BURSA RADYO BU,https://radyo.yayindakiler.com/stream/BursaRadyoBU/stream
BURSA RADYO DERMAN,http://sunucu2.radyolarburada.com:3636/stream?type=http&nocache=53244
BURSA RADYO GÜNEŞ İnegöl,http://yayin2.canliyayin.org:5024/;
BURSA RADYO GÜNEŞ İnegöl,https://vofile.ru/turkey/radyo_gunes_dinle/icecast.audio
BURSA RADYO NİDA,http://159.253.37.137:9914/;stream/1
BURSA RADYO S,https://icecast.netmedya.net/radyos
BURSA RADYO TÜRK,https://radyo.yayindakiler.com/stream/bursaturk/stream
BURSA RADYO ŞAMPİYON,http://95.173.188.166:9782/;
BURSA SÜPERBİ RADYO,http://live.arkumedia.com:8004/stream
BURSA ULUDAĞ FM,http://sr1.netmedya.org:9170/;
BURSA ULUDAĞ FM,https://icecast.netmedya.net/uludagfm
BURSA ULUDAĞ FM,https://reshun.ru/turkey/uludag-fm-bursa/icecast.audio
BURSADA BUGÜN RADYO,https://radyo.bursadabugun.com/stream
BİGA FM,http://212.84.160.187:36076/;stream.nsv
BİGA FM,https://vofile.ru/turkey/biga-fm/icecast.audio
BİLECİK FM,http://bilecikfm.kesintisizyayin.com:9980/;
BİLECİK FM,https://radio-streaming.net/turkey/bilecik-fm/icecast.audio
BİLECİK RADYO 11,http://95.173.161.131:9832/;
BİLECİK RADYO 11,http://ip131.radyotelekom.com:9832/;
BİNGÖL FM,http://yayin1.canliyayin.org:8844/;
BİNGÖL FM,http://yayin1.canliyayin.org:8844/;
BİNGÖL RADYO AZELYA,http://radyoazelya.radyotvyayini.com:9052/;
BİZ FM,https://bizzfm.radioca.st/stream.mp3
BİZİM RADYO,http://95.173.188.156:9986/;
CAN FM ISTANBUL,https://canfmgen.80.yayin.com.tr
CAN RADYO Kayseri,http://canradyo.kesintisizyayin.com:3838/;
CAN RADYO İzmir,http://yayin1.yayindakiler.com:3124/;
CAN RADYO İzmir,https://vofile.ru/turkey/can_radyo_93_3/icecast.audio
CANTÜRK FM,http://canturkfm.kesintisizyayin.com:9300/;
CANTÜRK FM,https://ssl180.ozelip.com/asistan/stream/e7fffc27d21e649499ecaba8ea5b392f
CEM RADYO,https://yayin2.canliyayin.org:10924/;
CEMRE FM,http://yayin1.canliyayin.org:8024/;
CEMRE FM,https://vofile.ru/turkey/cemre_fm_dinle/icecast.audio
CLASSICLAND,https://moondigitaledge.radyotvonline.net/classicland/playlist.m3u8
CNN TÜRK RADYO,https://cdn.duhnet.tv/S2/HLS_LIVE/cnnradyo/index.m3u8
CNN TÜRK RADYO,https://radyo.duhnet.tv/cnnturk
DALAMAN SAHİL FM,http://onlinedinle.com:5252/;
DALAMAN SAHİL FM,https://radio-streaming.net/turkey/sahil-97-4-fm/playlist.m3u8
DAMAR FM,https://yayin.damarfm.com/stream
DAMAR TÜRK FM,http://185.9.37.59:7966/;
DAMAR TÜRK FM,https://live.radyositesihazir.com:10997/,
DAMAR TÜRK FM,https://ssl123.ozelip.com:7014/;stream.mp3
DAMARIN KALBİ FM,https://sp.radyotescil.com/8004/stream
DAMLA FM,http://yayin.rtmp.org:8750/;?1587655600936
DAMLA FM,https://vofile.ru/turkey/damla_fm/icecast.audio
DANCELAND,https://moondigitaledge.radyotvonline.net/danceland/playlist.m3u8
DEM RADYO,https://yayin.radyodem.com:8000/stream/;stream.mp3
DENIZ FM INTERNET,http://radyo.hostlan.net:8018/;
DENİZ FM Kayseri,http://yayin1.yayindakiler.com:3180/test.aac
DENİZ FM Kayseri,https://reshun.ru/turkey/deniz-fm-kayseri/icecast.audio
DENİZLİ BİZİM İLLER RADYO,http://yayin.yayindakiler.com:4078/;
DENİZLİ DOSTLAR FM,http://95.173.188.166:9848/;
DENİZLİ RADYO DEVA Arabesk,https://radyopanel.turkwebdizayn.com:10994/stream
DENİZLİ RADYO DEVA Oyun Havaları,https://radyopanel.turkwebdizayn.com:10992/stream
DENİZLİ RADYO DEVA Türkçe Müzik,https://radyopanel.turkwebdizayn.com:10991/stream
DENİZLİ RADYO DEVA Yabancı Müzik,https://radyopanel.turkwebdizayn.com:10993/stream
DENİZLİ SES RADYO,http://95.173.188.166:9300/;
DERYA FM Konya,http://nonstopkonya.canliyayinda.com:9898/;stream.mp3
DEĞİŞİM RADYO,http://yayin1.yayindakiler.com:3120/;
DISCOLAND,https://moondigitaledge.radyotvonline.net/discoland/playlist.m3u8
DOKSAN FM,https://radyopanel.turkwebdizayn.com/9988/stream
DOKSANLAR,https://moondigitaledge.radyotvonline.net/radyolanddoksanlar/playlist.m3u8
DOST FM Ankara,http://yayin.dostfm.com:8920/;
DOST FM Ankara,https://vofile.ru/turkey/dost_fm_dinle/icecast.audio
DOST FM Hatay,http://yayin.netyayin.net:1515/streype=.mp3
DREAM FM,http://95.154.193.6:8079/stream
DREAMTÜRK FM,https://radyo.duhnet.tv/dreamturk
DUY FM,https://anadolu.liderhost.com.tr:10963/;
DÜZCE RADYO KENT,https://anadolu.liderhost.com.tr:10905/;
DİJİTAL RADYO,http://94.23.8.100:9406/stream;
DİJİTAL RADYO,http://yayin.liderhost.net:9406/;
DİJİTAL RADYO,http://yayin.liderhost.net:9406/DİJİTAL RADYO
DİJİTAL RADYO,https://anadolu.liderhost.com.tr:10961/;
DİNAMO FM,https://channels.dinamo.fm/legacy-mp3
DİYANET KURAN RADYO,https://eustr73.mediatriple.net/videoonlylive/mtikoimxnztxlive/broadcast_5e3c14192aa92.smil/playlist.m3u8
DİYANET RADYO,https://eustr73.mediatriple.net/videoonlylive/mtikoimxnztxlive/broadcast_5e3c1171d7d2a.smil/playlist.m3u8
DİYANET RİSALET RADYO,https://eustr73.mediatriple.net/videoonlylive/mtikoimxnztxlive/broadcast_5e3c1520b2626.smil/playlist.m3u8
DİYARBAKIR AMED RADYO,http://95.173.162.182:9992/;
DİYARBAKIR DOĞAN 21 FM,http://yayin1.yayindakiler.com:3024/;
EASYLAND,https://moondigitaledge.radyotvonline.net/easyland/playlist.m3u8
EFKAR,https://22323.live.streamtheworld.com/SC008_SO1AAC.aac
EFSANE 4'LÜ,http://37.247.98.8/stream/19/
EFSANE 4'LÜ,https://moondigitalmaster.radyotvonline.net/efsane4lu/playlist.m3u8
EGE FM,http://sunucu.radyodinle.com:2024/;
EGE HAVALARI,http://37.247.98.8/stream/29/
EGE HAVALARI,https://moondigitalmaster.radyotvonline.net/egehavalari/playlist.m3u8
EKİN RADYO,http://yayin.turkhosted.com:6006/;
ELAZIĞ EZGİ RADYO,http://sunucu.radyodinle.com:1782/;
ELAZIĞ MAVİ RADYO,https://ssl.elazigmaviradyo.com/ssl/6066
ELAZIĞ RADYO HAZAR,http://radyo.yayin.com.tr:8286/;
ELAZIĞ RADYO HAZAR,http://radyohazar.canliyayinda.com:8286/;
ELAZIĞ RADYO KENT,http://yayin.yayindakiler.com:4044/;stream/1
ELBİSTAN RADYO UMUT,http://yayin.canliyayin.org:8892/;
ENDERUN FM,http://yayin2.canliyayin.org:7052/;
ERCİŞ FM,https://anadolu.liderhost.com.tr:10970/;
ERDEK FM Balıkesir,http://95.173.162.181:9912/;
EREĞLİ DEMOKRAT FM,https://radyo.akyuznet.com.tr/radio/8160/radio.mp3
ERKAM RADYO,http://5.44.154.18:9000/;
ERKAM RADYO,https://usd.nocvp.com/asset/7G7oEaxS/playlist.m3u8
ERZURUM RADYO RITM,http://radyo.yayin.com.tr:8091/;
ERZURUM İMAJ FM,http://sunucu.radyodinle.com:9797/;
ERZİNCAN RADYO DOST,http://yayin1.yayindakiler.com:3156/;
ERZİNCAN RADYO TEK,http://yayin2.yayindakiler.com:4202/;
ERZİNCAN İNCİTEK FM,http://yayin2.yayindakiler.com:4204/;
ES FM,http://yayin.yayindakiler.com:4012/;
ESAS RADYO,http://yayin.turkhosted.com:6034/;
ESKİŞEHİR TEMPO RADYO,http://217.195.193.2:9988/;
ESKİŞEHİR TEMPO RADYO,https://vofile.ru/turkey/Tempo_Radyo/icecast.audio
ESSEX TURKİSH RADİO,https://anadolu.liderhost.com.tr:10947/;
EVRENSEL FM,http://94.102.4.29:9996/;
EVRENSEL RADYO,https://anadolu.liderhost.com.tr:10990/
EViN FM,http://EvinFm.Com:9500
EYNESİL MERCAN FM,https://ip169.ozelip.com:10975/;stream.nsv&type=mp3
EZGİ RADYO,http://sunucu.radyodinle.com:1782/;
FENOMEN AKUSTİK,https://listen.radyofenomen.com/fenomenakustik/128/icecast.audio
FENOMEN CLUBBİN,https://listen.radyofenomen.com/fenomenclubbin/128/icecast.audio
FENOMEN DANS,https://listen.radyofenomen.com/fenomendans/128/icecast.audio
FENOMEN KARIŞIK,https://listen.radyofenomen.com/fenomenkarisik/128/icecast.audio
FENOMEN ORİENTAL,https://listen.radyofenomen.com/fenomenoriental/128/icecast.audio
FENOMEN POP,https://listen.radyofenomen.com/fenomenpop/128/icecast.audio
FENOMEN RAP,https://listen.radyofenomen.com/fenomenrap/128/icecast.audio
FENOMEN TÜRK,https://listen.radyofenomen.com/fenomenturk/128/icecast.audio
FENOMEN TÜRKÇE RAP,https://listen.radyofenomen.com/fenomenturkrap/128/icecast.audio
FENOMEN,https://listen.radyofenomen.com/fenomen/128/icecast.audio
FIRAT FM,https://anadolu.liderhost.com.tr:10913/;
FISTIK FM,http://yayin1.yayindakiler.com:2036/;stream.nsv
FISTIK FM,https://radyo.yayindakiler.com/stream/gaziantepfistik
FISTIK FM,https://vofile.ru/turkey/fistik_fm/icecast.audio
FLOW,https://moondigitaledge.radyotvonline.net/flow/playlist.m3u8
FM 23 Elazığ,http://radyo.yayin.com.tr:8280/;
FM 23 Elazığ,http://radyofm23.canliyayinda.com:8280/STREAM
FON RADYO Malatya,http://sunucu.radyodinle.com:9188/;
FORA FM VIYANA,https://ssl120.radyotelekom.com.tr:10910/;
FURKAN RADYO,http://62.210.70.80:6191/;
FURKAN RADYO,http://yayin.yayindakiler.com:6191/;
FURKAN RADYO,https://radio-streaming.net/turkey/furkan-radyo-kayseri/playlist.m3u8
FİLİZ FM,http://sunucu.radyodinle.com:6746/;
GAP FM,https://anadolu.liderhost.com.tr:10891/;
GARAJ RADYO,http://ssl3.radyotvonline.com/radyoland/garajradyo.stream/playlist.m3u8
GAZİANTEP RADYO KİLİM,http://sunucu.radyodinle.com:2727/;
GAZİANTEP RADYO KİLİM,http://yayin.netyayin.net:2727/;
GAZİANTEP RADYO ŞİRİNNAR,http://yayin.yayindakiler.com:4048/;
GEBZE FM,http://gebzefm.radyotvyayini.com:9530/;
GEBZE GÜL FM,http://yayin2.canliyayin.org:8866/;
GECEKUŞU FM,https://radyo1.radyo-dinle.tc:7053/;
GENERAL FM,http://37.59.205.232:9342/;
GENÇ KRAL FM Kayseri,https://anadolu.liderhost.com.tr/8090/;
GENÇ KRAL FM İstanbul,https://anadolu.liderhost.com.tr:10991/;
GENÇ RADYO Konya,http://yayin.turkhosted.com:6030/;
GENÇ RADYO,http://dijimedya.radyotvonline.net/gncradyo
GENÇ İMAJ FM,https://anadolu.liderhost.com.tr:10950/;
GEREDE FM,http://yayin.yayindakiler.com:4058/;
GOLD FM Lüleburgaz,http://yayin2.yayindakiler.com:4252/;
GOLD FM,http://dijimedya.radyotvonline.net/goldfm
GOLD TÜRK,http://dijimedya.radyotvonline.net/goldturk
GREEKLAND,https://moondigitaledge.radyotvonline.net/greekland/playlist.m3u8
GURBETÇİ RADYO,https://radyo1.radyo-dinle.tc:7009/;
GÖKKUŞAĞI RADYO,http://gokkusagiradyo.kesintisizyayin.com:8008/;?1610699628161
GÖKSU FM,https://ssl162.ozelip.com/asistan/stream/649d2a604c2eb8cdf9de00d9c18d8923
GÖL RADYO Bingöl,http://yayin.yayindakiler.com:3010/;
GÖNÜL TÜRKÜLERİ,https://22653.live.streamtheworld.com/SC020_SO1AAC.aac
GÖZDE FM Yalova,http://gozdefm.canliyayinda.com:5952/;
GÖZDE FM,https://gozdefm.80.yayin.com.tr/;
GÖZYAŞI FM,http://yayin1.canliyayin.org:8700/;
GÖZYAŞIM FM,https://radyo1.radyo-dinle.tc:7050/;
GÜL RADYO,http://yayin2.canliyayin.org:8866/;
GÜLŞEHİR GÜL FM,http://radyonevsehir.radyoyayini.com:5000/;
GİMSA RADYO,http://yayin.canliyayin.org:9482/;
GİRESUN FM,http://sunucu.radyodinle.com:2828/;
GİRESUN FM,https://radio-streaming.net/turkey/giresun-102-5-fm-dinle/playlist.m3u8
HABER 61,http://radyohaber61.canliyayinda.com:6161/;
HAKKARİ FM,http://167.86.100.31:9302/;
HAKKARİNİN SESİ RADYOSU,http://yayin.netyayin.net:3030/;
HAKTAN FM,http://anadolu.liderhost.com.tr:3696/;
HAKTAN FM,https://anadolu.liderhost.com.tr:10980/;
HALK RADYO,https://anadolu.liderhost.com.tr:10876/;
HAMSİ FM,http://yayin.liderhost.net:8028/;
HAMSİ FM,https://anadolu.liderhost.com.tr:10992/;
HARBİ RADYO,http://yayin.yayindakiler.com:4188/;
HARBİ RADYO,https://anadolu.liderhost.com.tr:10958/;
HARBİ RADYO,https://radio-streaming.net/turkey/harbi-radyo/playlist.m3u8
HARMAN RADYO,http://159.253.37.137:9888/;
HATAY AKDENİZ FM,http://yayin.netyayin.net:7077/;
HATAY ASYA RADYO,http://sunucu.radyodinle.com:9850/;
HATAY DOST FM,http://yayin.netyayin.net:1515/streype=.mp3
HATAY FM,http://sunucu.radyodinle.com:9900/;
HATAY SÜPER SHOW RADYO,http://yayin.netyayin.net:6065/;
HAYAL FM,http://yayin.radyohayalfm.net:8050/;
HAYAL FM,https://vofile.ru/turkey/hayal_fm_dinle/icecast.audio
HAYATMİX ARABESK,https://hayatmix.yayin.com.tr:1010/mp3
HAYATMİX REMİX,https://hayatmix.yayin.com.tr/mp3
HAYATMİX SLOW,https://hayatmix.yayin.com.tr:2010/mp3
HEDEF RADYO,http://wowza.radyogrup.com:4010/;
HELBEST FM,http://HelBestFm.Com:9900
HOCALAR FM,http://netradyon.online:9955/stream
HOME KLASİK,https://ssl4.radyotvonline.com/radyohome/klasikhome.stream_aac/playlist.m3u8
HOSMİX,https://anadolu.liderhost.com.tr:10871/;
HOUSELAND,https://moondigitaledge.radyotvonline.net/houseland/playlist.m3u8
HÜR FM,http://radyo.fikirsahipleri.com:9952/;
HİSAR FM,http://dinle.hisarfm.net:9621/;
HİT FM,http://yayin.turkiletisim.com.tr:1094/;
ILGIN FM,http://95.173.184.17:9942/;
ILGIN FM,https://vofile.ru/turkey/ilgin_fm_dinle/icecast.audio
IMBAT FM,http://38.96.148.39:8746/;
IMBAT FM,https://vofile.ru/turkey/imbat_fm/icecast.audio
IĞDIR FM,http://yayin2.yayindakiler.com:4158/;
JAZZLAND,https://moondigitaledge.radyotvonline.net/jazzland/playlist.m3u8
JOY FM,https://17753.live.streamtheworld.com/JOY_FMAAC.aac
JOY JAZZ,https://17753.live.streamtheworld.com/JOY_JAZZ128AAC.aac
JOY LOUNGE,https://21633.live.streamtheworld.com/SC029_SO1AAC.aac
JOY TURK AKUSTIK,https://21293.live.streamtheworld.com/SC004_SO1AAC.aac
JOY TURK,https://17773.live.streamtheworld.com/JOY_TURKAAC.aac
JOYTURK ROCK,https://17733.live.streamtheworld.com/JOYTURK_ROCK128AAC.aac
KAFA RADYO,http://37.247.98.17/;
KAFA RADYO,https://moondigitalmaster.radyotvonline.net/kafaradyo/playlist.m3u8
KAFKAS FM,http://karskafkasfm.ozelip.com:7890/;
KAHTA FM,http://www.onlinedinle.com:8444/;stream.nsv
KAMPUS FM,http://193.255.97.57/;stream/1
KANAL E RADYO,http://yayin.turkiletisim.com.tr:9970/;
KAPADOKYA FM,https://icecast.netmedya.net/kapadokyafm
KAPRIS FM,http://kaprisfm.canliyayinda.com:8183/;
KARADENIZ,https://21253.live.streamtheworld.com/SC005_SO1AAC.aac
KARADENIZIN SESI RADYOSU,http://yayin1.canliyayin.org:8200/;
KARADENİZ FM,http://46.20.7.100/stream/170/
KARADENİZ FM,https://moondigitalmaster.radyotvonline.net/karadenizfm/playlist.m3u8
KARADENİZ FM,https://ssl4.radyotvonline.com/radyohome/karadenizfmhome.stream_aac/playlist.m3u8
KARADENİZ FM,https://wowza1.radyotvonline.com/unitedmedia/karadenizfm.stream/playlist.m3u8
KARADENİZİN SESİ FM,http://95.173.188.155:7070/;
KARAMAN RADYO,https://sp.radyotescil.com:7016/;
KARAMÜRSEL FM,http://yayin1.yayindakiler.com:3052/;
KARDELEN FM,http://dinle.kardelenfm.com:2000/;
KARDELEN FM,https://radyoserver60.okeylisans.com:14000/2000/;?hash=0.9020451896549846
KARMA TÜRK FM,http://radyo1.radyo-dinle.tc:8056/;
KASTAMONU FM,http://yayin.turkhosted.com:6004/;
KASTAMONU FM,https://radio-streaming.net/turkey/kastamonu-fm/icecast.audio
KASTAMONU FM,https://radio-streaming.net/turkey/kastamonu-fm/playlist.m3u8
KASTAMONU TASARIM,https://radyo1.radyo-dinle.tc:7029/;
KAY RADYO,http://yayin1.yayindakiler.com:3054/stream
KAYSERİ GÖZDE FM,http://yayin1.yayindakiler.com:3056/;
KAÇKAR FM,http://kackarfm.halil.io:5353/?/;?hash=0.17391812926080075
KAÇKAR FM,https://ssl120.radyotelekom.com.tr/8678/stream
KEMENÇE FM,http://dinle.kemencefm.net:6161;
KEMENÇE FM,https://radio-streaming.net/turkey/kemence-fm-sakarya/icecast.audio
KEMENÇE FM,https://radio-streaming.net/turkey/kemence-fm-sakarya/playlist.m3u8
KENT FM,http://46.20.7.101/stream/267/&type=mp3
KENT FM,http://46.20.7.101/stream/268/;
KENT FM,https://ssl4.radyotvonline.com/radyohome/kentfmhome.stream_aac/playlist.m3u8
KENT RADYO,https://anadolu.liderhost.com.tr:10906/;
KERVAN FM,http://www.keskinfm.com:1021/;
KERVAN FM,http://yayin2.canliyayin.org:9374/;stream.mp3
KERVAN FM,https://vofile.ru/turkey/kervan_fm_dinle/icecast.audio
KESKİN FM,http://yayin1.canliyayin.org:8286/;
KESKİN FM,https://radio-streaming.net/turkey/keskin-fm/playlist.m3u8
KEYF FM,http://duble.radyotvyayini.com:9998/;
KEŞAN FM,http://sunucu.radyodinle.com:2234/;stream.mp3
KEŞAN FM,https://radio-streaming.net/turkey/kesan-fm/playlist.m3u8
KIRKLARELİ SOYLU FM,http://yayin.yayindakiler.com:4034/;
KIRKLARELİ SOYLU FM,https://radio-streaming.net/turkey/soylu-fm/playlist.m3u8
KIZILTEPE RADYO EMEK,http://emekradyo.canliyayindinle.com:8585/;
KIZILTEPE RADYO EMEK,http://yayin1.radyohizmeti.com:8585/;stream.mp3
KIZILTEPE RADYO EMEK,https://radio-streaming.net/turkey/emek-radyo/playlist.m3u8
KIZILTEPE RADYO ZERGAN,http://yayin.yayindakiler.com:3194/;
KLAS RADİO,https://anadolu.liderhost.com.tr:10929/;
KLASİK HOME,http://37.247.98.8/stream/32/
KLASİK HOME,https://moondigitalmaster.radyotvonline.net/klasikhome/playlist.m3u8
KOCAELİ RADYO NİKOMEDYA,http://yayin.netyayin.net:2631/;
KOLEJ FM,http://yayin2.yayindakiler.com:4130/;
KOLEJ FM,https://radio-streaming.net/turkey/kolej-fm/icecast.audio
KONYA FM,http://212.175.65.102:8001/live
KONYA FM,https://vofile.ru/turkey/konya_fm/icecast.audio
KONYA RADYO EN,http://yayin2.canliyayin.org:7222/;
KONYA TİRYAKİ FM,http://yayin.turkhosted.com:6056/mp3
KOPAR FM,https://radyo1.radyo-dinle.tc:7061/;
KORDON FM,http://38.96.148.39:8588/;
KORDON FM,http://38.96.148.39:8846/;
KORDON FM,https://vofile.ru/turkey/kordon_fm/icecast.audio
KORGANIN SESİ FM,https://anadolu.liderhost.com.tr:10908/;
KOZAN FM,http://sunucu.radyodinle.com:3401/;
KOZAN FM,https://vofile.ru/turkey/kozan_fm_dinle/icecast.audio
KRAL DAMAR FM,https://vofile.ru/turkey/kral_damar_fm/icecast.audio
KRAL DAMAR FM,https://vofile.ru/turkey/kral_damar_fm/playlist.m3u8
KRAL FM,http://46.20.3.204/;type=mp3
KRAL FM,http://kralwmp.radyotvonline.com/;
KRAL FM,https://dygmaster.radyotvonline.net/kralfm/playlist.m3u8
KRAL FM,https://ssldyg.radyotvonline.com/smil/smil:kralfm.smil/playlist.m3u8
KRAL FM,https://ssldyg2.radyotvonline.com/smil/smil:kralfm.smil/playlist.m3u8
KRAL POP,http://46.20.3.201/;type=mp3
KRAL POP,http://kralpopwmp.radyotvonline.com/;
KRAL POP,https://dygmaster.radyotvonline.net/kralpop/playlist.m3u8
KRAL POP,https://ssldyg.radyotvonline.com/smil/smil:kralpop.smil/playlist.m3u8
KRAL POP,https://ssldyg2.radyotvonline.com/smil/smil:kralpop.smil/playlist.m3u8
KRAL TÜRK FM,https://yayin.radyoarabesk.com.tr:8000/stream
KRALIM FM Kars,http://kralimfm.ozelip.com:7890/;
KURAN MEAL RADYO,http://37.247.98.8/stream/33/
KURDİ FM,https://anadolu.liderhost.com.tr:10939/;
KUZEY FM,http://yayin.yayindakiler.com:3028/;
KUŞADASI 105 FM,https://ip169.ozelip.com/8348/stream
KUŞADASI RADYO NET,http://91.134.25.37:9336/;
Karadeniz TÜRK,http://radyo.yayin.com.tr:6134/;
KÖRFEZ FM Edremit,http://159.253.39.180:9954/;
KÜPE FM,https://icecast.netmedya.net/kupefm
KİLİS SULTAN RADYO,http://sunucu.radyodinle.com:7979/;
KİSS DANCE,http://dijimedya.radyotvonline.net/kissdance
KİSS FM TÜRKİYE,https://topradio-de-hz-fal-stream03-cluster01.radiohost.de/kissfm-tuerkisch_aac-64
KİSS FM,https://17733.live.streamtheworld.com/KISS_FM128AAC.aac
KİSS LOVE RADYO,https://anadolu.liderhost.com.tr:10964/;
KİSS RADYO,https://anadolu.liderhost.com.tr:10966/;
KİSS TURK FM,http://46.20.4.108/Stream2
KİSS TÜRK FM,https://18463.live.streamtheworld.com/KISS_TURK128AAC.aac
LALEGÜL FM,http://live46.netmedya.net:443/lalegulfm
LOKUM FM,http://37.247.98.9/stream/493/;
LOKUM FM,https://radio-streaming.net/turkey/lokum-97-7-fm/playlist.m3u8
LOUNGE FM,https://sc.vargonen.net:5003/;
LOVE FM,http://LoveFm.iNFO:9000
LÜLEBURGAZ FM,http://yayin.netyayin.net:3439/;
LİDER FM,http://yayin1.yayindakiler.com:3046/;
LİG RADYO,http://46.20.3.246/stream/105/
LİG RADYO,https://ligradyo.radyotvonline.net/ligradyo
LİG RADYO,https://turkmedya.radyotvonline.com/turkmedya/ligradyo.stream/playlist.m3u8
MAGİC FM,http://yayin1.yayindakiler.com:3032/;
MALATYA GROSS FM,https://radyo1.radyo-dinle.tc:7015/;
MALATYA RADYO İMPARATOR,http://radyo.yayin.com.tr:4012/;
MALATYA İNTERNET FM,https://radyo1.radyo-dinle.tc:7033/;
MAMAŞ FM ARABESK,http://213.202.254.133:3500/;
MAMAŞ FM ARABESK,http://mamasfm.com:3500/;
MAMAŞ FM ARABESK,https://arabesk-erdem.radioca.st/stream.mp3
MAMAŞ FM POP,http://213.202.254.133:4500/;
MAMAŞ FM POP,http://mamasfm.com:4500/;
MAMAŞ FM POP,https://pop-erdem.radioca.st/stream.mp3
MAMAŞ FM TÜRK SANAT MÜZİĞİ,http://213.202.254.133:5000/;
MAMAŞ FM TÜRK SANAT MÜZİĞİ,http://mamasfm.com:5000/;
MAMAŞ FM TÜRK SANAT MÜZİĞİ,https://tsm-erdem.radioca.st/stream.mp3
MAMAŞ FM TÜRKÜ RADYOSU,http://213.202.254.133:8000/;
MAMAŞ FM TÜRKÜ RADYOSU,http://mamasfm.com:8000/;
MAMAŞ FM TÜRKÜ RADYOSU,https://mamasturku-erdem.radioca.st/stream.mp3
MAMAŞ FM,http://213.202.254.133:9984/;
MAMAŞ FM,http://mamasfm.com:9984/;
MAMAŞ FM,https://mamasturku-erdem.radioca.st/stream.mp3
MARAŞ SULTAN RADYO,http://yayin.turkhosted.com:4949/;
MAVİ GECE FM,http://kesintisizyayin.com:1656/;?1597507265486.mp3
MAVİ RADYO,https://ssl.elazigmaviradyo.com/ssl/6066
MAXİMUM RADYO,http://37.59.205.232:9406/;
MAXİMUM RADYO,http://yayin.liderhost.net:9406/;
MAZİDEN BİR DEMET,http://37.247.98.8/stream/24/
MAZİDEN BİR DEMET,https://moondigitalmaster.radyotvonline.net/mazidenbirdemet/playlist.m3u8
MEDYA FM,http://46.20.7.100/stream/76/
MEDYA FM,http://live2.radyotvonline.com:9390/;
MEDYA FM,https://rto3.turkhosted.com/stream/76/?&1610741586350
MEDYA FM,https://vofile.ru/turkey/medya_fm/icecast.audio
MEDİNE FM,https://anadolu.liderhost.com.tr:10904/;
MEGA FM Koceli,http://46.105.35.48:9346/;
MEGA FM Koceli,https://vofile.ru/turkey/mega_fm_izmit_dinle/icecast.audio
MELENKOLİK HOME,http://37.247.98.8/stream/20/
MELENKOLİK HOME,https://moondigitalmaster.radyotvonline.net/melankolikhome/playlist.m3u8
MELODİ FM,https://stream.rcast.live/63956
MELTEM RADYO,https://radyo1.radyo-dinle.tc:7024/;
MERKEZ FM Samsun,http://uydu.radyotvyayini.com:8016/;
MERSİN FM,http://broadcasttr.com:1935/tepemedya/mersinfm.stream/playlist.m3u8
MERSİN FM,http://broadcasttr.com:8038/;
MERSİN FM,http://stream.taksimbilisim.com:8038/;
MERSİN FM,https://vofile.ru/turkey/mersin_fm_dinle/icecast.audio
MERSİN ÜNİVERSİTESİ RADYOSU,http://radyo.mersin.edu.tr:8000/meu
METEOROLOJİNİN SESİ RADYOSU,http://meteor.canliyayinda.com/;
METEOROLOJİNİN SESİ RADYOSU,http://radyomgm.canliyayinda.com/;
METRO FM,https://17773.live.streamtheworld.com/METRO_FM128AAC.aac
METROPOL FM BERLİN,https://stream1.mfm.plexpark.com/radio/8000/simulcast-berlin-sd-64.aac
METROPOL FM,https://vofile.ru/turkey/metropol_fm/icecast.audio
MEZOPOTAMYA RADYO,https://anadolu.liderhost.com.tr:10965/;
MEŞALE RADYO Osmaniye,https://vofile.ru/turkey/mesale-radyo/icecast.audio
MEŞK FM,http://meskfm.radyolarburada.com:9550/;
MEŞK FM,http://sunucu2.radyolarburada.com:9550/;stream.mp3
MEŞK FM,https://vofile.ru/turkey/mesk_fm_dinle/icecast.audio
MORAL FM,http://yayin2.canliyayin.org:8886/;
MOREL FM,http://yayin.yasamhosting.com.tr:6774/;
MUTLU FM,http://mutlufm.canliyayinda.com:2828/;stream.nsv
MUŞ RADYO 49,http://sunucu.radyodinle.com:8850/;
MUŞ RADYO 49,https://radio-streaming.net/turkey/radyo-49-mus/icecast.audio
MUŞ RADYO 49,https://radio-streaming.net/turkey/radyo-49-mus/playlist.m3u8
MYDONOSE TURK,https://21293.live.streamtheworld.com/SC016_SO1AAC.aac
MÜZEYYEN,http://46.20.4.34/radyoland/muzeyyen.stream/playlist.m3u8
MÜZEYYEN,https://moondigitaledge.radyotvonline.net/muzeyyen/playlist.m3u8
MİLAS RADYO GÖZLEM,http://arifozbey.com:8000/radyogozlem.ogg
MİRAÇ FM,https://anadolu.liderhost.com.tr:10942/;
MİSKET RADYO,https://anadolu.liderhost.com.tr:10976/;
NAZİLLİ MEGA FM,http://198.7.59.28:8363/;
NAZİLLİ RADYO ÖZDEN,http://live.radyotvonline.com:9050/;
NAZİLLİ RADYO ÖZDEN,https://radio-streaming.net/turkey/radyo-ozden-nazilli/icecast.audio
NEBİ FM,https://anadolu.liderhost.com.tr:10901/;
NEVŞEHİR RADYO MEGA,http://yayin2.canliyayin.org:7872/;
NEVŞEHİR RADYO MEGA,https://vofile.ru/turkey/nevsehir_radyo_mega/icecast.audio
NON STOP KONYA,http://nonstopkonya.canliyayinda.com:9898/;
NON STOP KONYA,https://vofile.ru/turkey/non-stop-konya-320kbps/icecast.audio
NOSTALJİ FM,http://2.59.117.43:2020/;stream.mp3
NTV RADYO,http://ntvrdfms.radyotvonline.com/smil/smil:ntvradyo.smil/playlist.m3u8
NTV RADYO,http://ntvrdwmp.radyotvonline.com/;
NTV RADYO,https://rto.turkhosted.com/smil/smil:ntvradyo.smil/playlist.m3u8
NTV RADYO,https://ssldyg.radyotvonline.com/smil/smil:ntvradyo.smil/playlist.m3u8
NTV RADYO,https://ssldyg2.radyotvonline.com/smil/smil:ntvradyo.smil/playlist.m3u8
NUMBER 1 BEST OF,https://n10101m.mediatriple.net/videoonlylive/mtkgeuihrlfwlive/u_stream_5c9e4266d184a_1/playlist.m3u8
NUMBER 1 CLASSİC,https://n10101m.mediatriple.net/videoonlylive/mtkgeuihrlfwlive/u_stream_5c9e34bfc5042_1/playlist.m3u8
NUMBER 1 DANCE,https://n10101m.mediatriple.net/videoonlylive/mtkgeuihrlfwlive/u_stream_5c9e33b514f52_1/playlist.m3u8
NUMBER 1 DEEP HOUSE,https://n10101m.mediatriple.net/videoonlylive/mtkgeuihrlfwlive/u_stream_5c9e35cb55bf5_1/playlist.m3u8
NUMBER 1 DİSCO,https://n10101m.mediatriple.net/videoonlylive/mtkgeuihrlfwlive/u_stream_5c9e41c778cb0_1/playlist.m3u8
NUMBER 1 ERTUĞRUL ÖZKÖK,https://n10101m.mediatriple.net/videoonlylive/mtkgeuihrlfwlive/u_stream_5c9e3d762b7d5_1/playlist.m3u8
NUMBER 1 FM,https://n10101m.mediatriple.net/videoonlylive/mtkgeuihrlfwlive/u_stream_5c9e2f95dcb16_1/playlist.m3u8
NUMBER 1 GREEK,https://n10101m.mediatriple.net/videoonlylive/mtkgeuihrlfwlive/u_stream_5c9e389058588_1/playlist.m3u8
NUMBER 1 HEART,https://n10101m.mediatriple.net/videoonlylive/mtkgeuihrlfwlive/u_stream_5c9e367972335_1/playlist.m3u8
NUMBER 1 JAZZ,https://n10101m.mediatriple.net/videoonlylive/mtkgeuihrlfwlive/u_stream_5c9e3e06878b9_1/playlist.m3u8
NUMBER 1 LOUNGE,https://n10101m.mediatriple.net/videoonlylive/mtkgeuihrlfwlive/u_stream_5c9e37fbcb763_1/playlist.m3u8
NUMBER 1 RNB,https://n10101m.mediatriple.net/videoonlylive/mtkgeuihrlfwlive/u_stream_5c9e3aecf0941_1/playlist.m3u8
NUMBER 1 ROCK,https://n10101m.mediatriple.net/videoonlylive/mtkgeuihrlfwlive/u_stream_5c9e39cae8c9c_1/playlist.m3u8
NUMBER 1 SLOW,https://n10101m.mediatriple.net/videoonlylive/mtkgeuihrlfwlive/u_stream_5c9e3a53317d4_1/playlist.m3u8
NUMBER 1 TURK 90'LAR,https://n10101m.mediatriple.net/videoonlylive/mtkgeuihrlfwlive/u_stream_5c9e325182420_1/playlist.m3u8
NUMBER 1 TURK AJDA PEKKAN,https://n10101m.mediatriple.net/videoonlylive/mtkgeuihrlfwlive/u_stream_5c9e3ed520608_1/playlist.m3u8
NUMBER 1 TURK BARIŞ MANÇO,https://n10101m.mediatriple.net/videoonlylive/mtkgeuihrlfwlive/u_stream_5c9e408440a60_1/playlist.m3u8
NUMBER 1 TURK DAMAR,https://n10101m.mediatriple.net/videoonlylive/mtkgeuihrlfwlive/u_stream_5c9e3ce2c120f_1/playlist.m3u8
NUMBER 1 TURK ELLER HAVAYA,https://n10101m.mediatriple.net/videoonlylive/mtkgeuihrlfwlive/u_stream_5c9e3303b3edf_1/playlist.m3u8
NUMBER 1 TURK MEGASTAR,https://n10101m.mediatriple.net/videoonlylive/mtkgeuihrlfwlive/u_stream_5c9e373ab0257_1/playlist.m3u8
NUMBER 1 TURK MİNİK SERÇE,https://n10101m.mediatriple.net/videoonlylive/mtkgeuihrlfwlive/u_stream_5c9e3ffc12f95_1/playlist.m3u8
NUMBER 1 TÜRK FM,https://n10101m.mediatriple.net/videoonlylive/mtkgeuihrlfwlive/u_stream_5c9e30cf8d28e_1/playlist.m3u8
NUMBER 1 TÜRK ORHAN BABA,https://n10101m.mediatriple.net/videoonlylive/mtkgeuihrlfwlive/u_stream_5c9e3f6056c1e_1/playlist.m3u8
NUMBER 1 TÜRK RAP,https://n10101m.mediatriple.net/videoonlylive/mtkgeuihrlfwlive/u_stream_5c9e42fe816a0_1/playlist.m3u8
NUMBER 1 TÜRK ROCK,https://n10101m.mediatriple.net/videoonlylive/mtkgeuihrlfwlive/u_stream_5c9e3c44cad10_1/playlist.m3u8
NUMBER 1 TÜRK SLOW,https://n10101m.mediatriple.net/videoonlylive/mtkgeuihrlfwlive/u_stream_5c9e318b5ac09_1/playlist.m3u8
NUMBER 1 TÜRK ZEKİ MÜREN,https://n10101m.mediatriple.net/videoonlylive/mtkgeuihrlfwlive/u_stream_5c9e411b40115_1/playlist.m3u8
NUMBER 1 TÜRK ÜMC,https://n10101m.mediatriple.net/videoonlylive/mtkgeuihrlfwlive/u_stream_5c9e392765b48_1/playlist.m3u8
NUMBER 1 WORLD,https://n10101m.mediatriple.net/videoonlylive/mtkgeuihrlfwlive/u_stream_5c9e2f95dcb16_1/playlist.m3u8
NİGDE FM,http://kesintisizyayin.com:1656/;
NİGDE FM,https://vofile.ru/turkey/nigde_fm_dinle/icecast.audio
NİĞDE TEMPO FM,http://yayin2.canliyayin.org:8344/;stream
OKSİJEN FM,http://fm-66.canliyayinda.com:9020/;
OLAY FM Antalya,http://shoutcast.shemamedia.com:9030/olayfm
OLTU SÜPER RADYO,http://yayin.netyayin.net:2534/;
ONUR RADYO,https://anadolu.liderhost.com.tr/8094/stream
ORDU FM,http://159.253.37.137:9926/stream
ORDU FM,https://vofile.ru/turkey/ordu_fm_dinle/icecast.audio
ORTACA FM,http://live.radyotvonline.com:9100/;
ORTACA FM,https://radio-streaming.net/turkey/ortaca-fm/icecast.audio
ORTACA FM,https://radio-streaming.net/turkey/ortaca-fm/playlist.m3u8
OSMANİYE RADYO 80,http://yayin2.yayindakiler.com:4064/mp3
OSMANİYE RADYO 80,https://radio-streaming.net/turkey/radyo-80-osmaniye/icecast.audio
OSMANİYE RADYO 80,https://radio-streaming.net/turkey/radyo-80-osmaniye/playlist.m3u8
OSTİM RADYO,http://yayin.asymedya.com:8079/1;
OSTİM RADYO,https://vofile.ru/turkey/ostim-radyo/icecast.audio
OSTİM RADYO,https://vofile.ru/turkey/ostim-radyo/playlist.m3u8
PAL ALA,http://shoutcast.radyogrup.com:3040/;
PAL ALA,https://radio-streaming.net/turkey/pal-ala-ankara/icecast.audio
PAL ALA,https://radio-streaming.net/turkey/pal-ala-ankara/playlist.m3u8
PAL ALATURKA,http://shoutcast.radyogrup.com:3050/;
PAL ALATURKA,https://vofile.ru/turkey/pal_alaturka/icecast.audio
PAL ALATURKA,https://vofile.ru/turkey/pal_alaturka/playlist.m3u8
PAL BESK,http://shoutcast.radyogrup.com:3010/;
PAL BESK,https://radio-streaming.net/turkey/pal-besk-istanbul/icecast.audio
PAL BESK,https://radio-streaming.net/turkey/pal-besk-istanbul/playlist.m3u8
PAL DOĞA,http://shoutcast.radyogrup.com:1040/;
PAL DOĞA,https://ssl4.radyotvonline.com/radyohome/paldogahome.stream_aac/playlist.m3u8
PAL FM,http://shoutcast.radyogrup.com:1030/;
PAL FM,https://moondigitalmaster.radyotvonline.net/palfm/playlist.m3u8
PAL FM,https://ssl4.radyotvonline.com/radyohome/palfmhome.stream_aac/playlist.m3u8
PAL LAGEND,http://shoutcast.radyogrup.com:3030/;
PAL LAGEND,https://radio-streaming.net/turkey/pal-legend/icecast.audio
PAL LAGEND,https://radio-streaming.net/turkey/pal-legend/playlist.m3u8
PAL MİNA,http://shoutcast.radyogrup.com:3070/;
PAL NOSTALJİ,http://shoutcast.radyogrup.com:1010/;
PAL NOSTALJİ,https://moondigitalmaster.radyotvonline.net/palnostalji/playlist.m3u8
PAL NOSTALJİ,https://ssl4.radyotvonline.com/radyohome/palnostaljihome.stream_aac/playlist.m3u8
PAL ORIENT,http://shoutcast.radyogrup.com:1050/;
PAL ORIENT,https://ssl4.radyotvonline.com/radyohome/palorienthome.stream_aac/playlist.m3u8
PAL RABIA,http://shoutcast.radyogrup.com:3000/;
PAL SLOW,http://shoutcast.radyogrup.com:2020/;
PAL SLOW,https://vofile.ru/turkey/pal_slow/icecast.audio
PAL SLOW,https://vofile.ru/turkey/pal_slow/playlist.m3u8
PARK FM,http://yayin.netradyom.com:8050/PARKFM/;
PARK FM,https://vofile.ru/turkey/PARK-FM/icecast.audio
PARK FM,https://vofile.ru/turkey/PARK-FM/playlist.m3u8
PARK FM,https://yayin5.radyohizmeti.com:10816/;
PAYLAŞ FM,http://95.173.162.183:9868/;
PAZAR GENC FM,http://95.173.188.166:7194/;
PAZARCIK FM 2,http://yayin.pazarcikfm.com/9092/;
PAZARCIK FM 2,https://anadolu.liderhost.com.tr:10935/;
PAZARCIK FM 3,http://radyo.pazarcikfm.com/9094/;
PAZARCIK FM 3,https://anadolu.liderhost.com.tr:10934/;
PAZARCIK FM,http://yayin.pazarcikfm.com:9090/;
PAZARCIK FM,https://anadolu.liderhost.com.tr:10936/;
PAŞA FM,https://ssl123.ozelip.com:7013/;
PINAR FM Sakarya,http://95.173.162.182:9882/;
PINAR FM Sakarya,https://radio-streaming.net/turkey/pinar-fm-sakarya/icecast.audio
PINAR FM Sakarya,https://radio-streaming.net/turkey/pinar-fm-sakarya/playlist.m3u8
PLAY FM,http://live.playfm.com.tr:9050/;stream/1
PODNET RADYO,https://radyo1.radyo-dinle.tc:7046/;
POP HOME,https://moondigitalmaster.radyotvonline.net/pophome/playlist.m3u8
POP HOME,https://ssl4.radyotvonline.com/radyohome/pophome.stream_aac/playlist.m3u8
POP90,https://18463.live.streamtheworld.com/POP90128AAC.aac
POPLAND,https://moondigitaledge.radyotvonline.net/popland/playlist.m3u8
POPÜLER FM,http://37.59.205.232:9344/;
POPÜLER FM,https://anadolu.liderhost.com.tr:10919/;
POWER DANCE,https://listen.powerapp.com.tr/powerdance/abr/powerdance/128/playlist.m3u8
POWER DEEP,https://listen.powerapp.com.tr/powerdeep/abr/powerdeep/128/playlist.m3u8
POWER FM,https://listen.powerapp.com.tr/powerfm/abr/powerfm/128/playlist.m3u8
POWER GOLD,https://listen.powerapp.com.tr/powergold/abr/powergold/128/playlist.m3u8
POWER GREECE,https://listen.powerapp.com.tr/powergreece/abr/powergreece/128/playlist.m3u8
POWER LOVE,https://listen.powerapp.com.tr/powerlove/abr/powerlove/128/playlist.m3u8
POWER PLUS,https://listen.powerapp.com.tr/powerplus/abr/powerplus/128/playlist.m3u8
POWER POP,https://listen.powerapp.com.tr/powerpop/abr/powerpop/128/playlist.m3u8
POWER SMOOTH JAZZ,https://listen.powerapp.com.tr/powersmoothjazz/abr/powersmoothjazz/128/playlist.m3u8
POWER XL,https://listen.powerapp.com.tr/powerextralounge/abr/powerextralounge/128/playlist.m3u8
POWERTÜRK AKUSTİK,https://listen.powerapp.com.tr/powerturkakustik/abr/powerturkakustik/128/playlist.m3u8
POWERTÜRK DANS,https://listen.powerapp.com.tr/powerturkdans/abr/powerturkdans/128/playlist.m3u8
POWERTÜRK EFSANE,https://listen.powerapp.com.tr/powerturkefsane/abr/powerturkefsane/128/playlist.m3u8
POWERTÜRK EN İYİLER,https://listen.powerapp.com.tr/powerturkeniyiler/abr/powerturkeniyiler/128/playlist.m3u8
POWERTÜRK FM,https://listen.powerapp.com.tr/powerturk/abr/powerturk/128/playlist.m3u8
POWERTÜRK RAP,https://listen.powerapp.com.tr/powerturkrap/abr/powerturkrap/128/playlist.m3u8
POWERTÜRK TAPTAZE,https://listen.powerapp.com.tr/powerturktaptaze/abr/powerturktaptaze/128/playlist.m3u8
RADIO MYDONOSE,https://23603.live.streamtheworld.com/SC010_SO1AAC.aac
RADYO 06,http://46.20.7.100/stream/72/
RADYO 06,https://radio-streaming.net/turkey/radyo-06-ankara/icecast.audio
RADYO 06,https://radio-streaming.net/turkey/radyo-06-ankara/playlist.m3u8
RADYO 08,http://yayin.netyayin.net:8008/;
RADYO 10,http://yayin.turkhosted.com:6038/;stream.nsv
RADYO 10,https://ssl123.ozelip.com:7048/;
RADYO 13,http://yayin1.yayindakiler.com:3050/;
RADYO 20,http://www.radyo20.com.tr:9180/stream?type=http&nocache=54
RADYO 2000 Elazığ,http://95.173.188.166:9310/;stream.nsv
RADYO 2000 Elazığ,https://vofile.ru/turkey/radyo_2000_elazig_dinle/icecast.audio
RADYO 2000 Elazığ,https://vofile.ru/turkey/radyo_2000_elazig_dinle/playlist.m3u8
RADYO 2000 Erzincan,http://yayin1.yayindakiler.com:3030/;
RADYO 2000 Erzincan,https://radio-streaming.net/turkey/kastamonu-fm/icecast.audio
RADYO 2000 Erzincan,https://radio-streaming.net/turkey/kastamonu-fm/playlist.m3u8
RADYO 2000 FM Osmaniye,http://sslyayin.netyayin.net:8006/;
RADYO 2000 FM Osmaniye,https://sslyayin.netyayin.net:10915/;
RADYO 2000 FM İstanbul,http://radyo2000.radyomhd.com:1100/;
RADYO 2000 FM İstanbul,https://vofile.ru/turkey/radyo_2000_fm_istanbul/icecast.audio
RADYO 2000 FM İstanbul,https://vofile.ru/turkey/radyo_2000_fm_istanbul/playlist.m3u8
RADYO 2000,http://broadcasttr.com:8004/;
RADYO 2000,http://stream.taksimbilisim.com:8004/;
RADYO 2000,https://vofile.ru/turkey/radyo2000_90_6/icecast.audio
RADYO 2000,https://vofile.ru/turkey/radyo2000_90_6/playlist.m3u8
RADYO 23,http://radyofm23.canliyayinda.com:8280/;
RADYO 3 HİLAL,http://uchilal.com:8000/live
RADYO 3 HİLAL,https://vofile.ru/turkey/radyo-3-hilal/icecast.audio
RADYO 3 HİLAL,https://vofile.ru/turkey/radyo-3-hilal/playlist.m3u8
RADYO 32,http://95.173.188.155:9966/;
RADYO 34,http://yayin2.canliyayin.org:7424/;
RADYO 34,https://vofile.ru/turkey/radyo_34/icecast.audio
RADYO 34,https://vofile.ru/turkey/radyo_34/playlist.m3u8
RADYO 34,https://yayin2.canliyayin.org:10959/;
RADYO 35,https://stream01.radyo35.com.tr/radyo35
RADYO 37,http://yayin1.yayindakiler.com:3192/;
RADYO 38,https://anadolu.liderhost.com.tr:10892/;
RADYO 39,http://185.98.62.130:32227/;
RADYO 44,http://radyo44.80.yayin.com.tr/;
RADYO 52,http://37.59.205.232:6052/;
RADYO 52,https://anadolu.liderhost.com.tr:10957/;
RADYO 7,http://46.20.3.250/;
RADYO 7,http://46.20.3.251/stream/169/
RADYO 7,http://radyo7hls.radyotvonline.net/radyo7/radyo7_test.stream/playlist.m3u8
RADYO 7,https://ssl4.radyotvonline.com/radyo7/radyo7_home.stream/playlist.m3u8
RADYO 71,http://radyo.yayin.com.tr:5924/stream/;
RADYO 80,http://yayin2.yayindakiler.com:4064/;
RADYO 81,http://radyo.radyo81.com:3030/;stream.mp3
RADYO 81,http://yayin.turkhosted.com:3030/;
RADYO 90,http://46.20.7.100/stream/78/
RADYO A,http://canli.radyoa.anadolu.edu.tr:44445/Radyo_A_MP3
RADYO A,https://listen.powerapp.com.tr/radyoa/mpeg/icecast.audio
RADYO ACTİVE,http://yayin1.yayindakiler.com:3164/;
RADYO ADA,https://radyo.arkacadde.org/9998/adaradyo.mp3
RADYO AFET,https://anadolu.liderhost.com.tr:10889/;
RADYO AHMET KAYA,http://ahmetkaya.canliyayinda.com:9999/;
RADYO AHMET KAYA,http://dinle.ahmetkaya.biz:9999/;stream/1
RADYO AK,http://radyoak.canliyayinda.com:8026/;
RADYO AKDENİZ Antalya,http://95.173.162.188:9310/;
RADYO AKDENİZ Antalya,https://vofile.ru/turkey/radyo_akdeniz_antalya/icecast.audio
RADYO AKDENİZ Antalya,https://vofile.ru/turkey/radyo_akdeniz_antalya/playlist.m3u8
RADYO AKDENİZ Mersin,http://95.173.162.186:9778/;
RADYO AKDENİZ Mersin,https://vofile.ru/turkey/radyo_akdeniz_mersin/icecast.audio
RADYO AKDENİZ Mersin,https://vofile.ru/turkey/radyo_akdeniz_mersin/playlist.m3u8
RADYO ALATURKA,http://stream.radyoalaturka.com.tr:9100/;
RADYO ALATURKA,https://vofile.ru/turkey/radyo_alaturka/icecast.audio
RADYO ALATURKA,https://vofile.ru/turkey/radyo_alaturka/playlist.m3u8
RADYO ALPERENCE,https://anadolu.liderhost.com.tr:10932/;
RADYO ALİS,https://anadolu.liderhost.com.tr:10946/;
RADYO ARABESK iNFO,http://radyoarabesk.info:9700/;
RADYO ARABESK,https://yayin.radyoarabesk.com.tr:8000/stream
RADYO ARKADAŞ,https://ssl120.radyotelekom.com.tr/9998/stream
RADYO ASYA Hatay,http://sunucu.radyodinle.com:9850/;
RADYO ASYA Hatay,https://vofile.ru/turkey/asya_radyo_dinle/icecast.audio
RADYO ASYA Hatay,https://vofile.ru/turkey/asya_radyo_dinle/playlist.m3u8
RADYO AWAZ,https://ssl123.ozelip.com:7016/;
RADYO AYNA,http://yayin.yasamhosting.com.tr:9994/;
RADYO AYVALIK,https://radyo1.radyo-dinle.tc:7002/;
RADYO AZELYA,http://yayin.yayindakiler.com:3012/;stream.mp3
RADYO BANKO,http://yayin.netradyom.com:9910/RADYOBANKO;
RADYO BANKO,https://yayin5.radyohizmeti.com:10817/;stream
RADYO BARIŞ,http://sunucu.radyodinle.com:8510/;stream.mp3
RADYO BAŞAKŞEHİR,https://icecast.netmedya.net/rbasaksehir
RADYO BAŞKENT,http://212.174.58.161:8000/1042
RADYO BAŞKENT,https://listen.powerapp.com.tr/radyobaskent/mpeg/icecast.audio
RADYO BEKTAŞ,https://anadolu.liderhost.com.tr:10874/;
RADYO BESK GIRESUN,http://radyo.yayin.com.tr:4064/;
RADYO BEYAZ,http://31.6.86.17:8010/;stream.mp3
RADYO BEYAZ,https://vofile.ru/turkey/beyaz-94-2-dinle/icecast.audio
RADYO BEYAZ,https://vofile.ru/turkey/beyaz-94-2-dinle/playlist.m3u8
RADYO BEYKOZ,http://95.173.188.155:9944/;
RADYO BEYKOZ,https://anadolu.liderhost.com.tr:10951/;
RADYO BORA,http://yayin.radyobora.net:9310/;
RADYO BSR,https://anadolu.liderhost.com.tr:10962/;
RADYO BUSEM,https://anadolu.liderhost.com.tr:10882/;
RADYO BİLKENT,http://188.166.30.186:8000/;stream/1#.mp3?ver=583744
RADYO BİLKENT,https://listen.powerapp.com.tr/radyobilkent/mpeg/icecast.audio
RADYO BİLİM,http://gitassi.com:8750/;
RADYO BİZBİZE 09,https://anadolu.liderhost.com.tr:10953/;
RADYO BİZİM FM,http://radyo.radyobizimfm.com:9212/;type=mp3
RADYO BİZİM FM,https://radyoserver60.okeylisans.com:14000/9212/;/;type=mp3
RADYO CANKİ,https://anadolu.liderhost.com.tr:10931/;
RADYO D,https://radyo.duhnet.tv/radyod
RADYO DADAŞ,http://kesintisizyayin.com:1656/;
RADYO DEHA,http://stream.taksimbilisim.com:8020/;
RADYO DELTA,https://anadolu.liderhost.com.tr:10954/;
RADYO DENGE,https://anadolu.liderhost.com.tr:10930/;
RADYO DENİZ İnegöl,http://yayin2.yayindakiler.com:4152/;
RADYO DORUK,https://yayin5.radyohizmeti.com/8034//;stream
RADYO DOST FM,https://anadolu.liderhost.com.tr:10884/;
RADYO DOĞUŞ,http://sunucu.radyodinle.com:4016/;
RADYO DUBLE,https://anadolu.liderhost.com.tr:10894/;
RADYO DUMLUPINAR,http://95.173.161.131:9856/;
RADYO DUYGU,http://95.173.162.181:5050/;
RADYO DUYGUSAL,http://95.173.188.155:9596/;
RADYO DUYGUSAL,https://player.web.tr/listen/20e42cb2835b7e86a72a1e9e0f06d2dd
RADYO DİLARA Antalya,http://yayin1.canliyayin.org:7878/;
RADYO EFLATUN,https://radyo1.radyo-dinle.tc:7037/;
RADYO EGE KAMPÜS,https://stream.ege.edu.tr/live/radyo/playlist.m3u8
RADYO EGE,http://stream2.taksimbilisim.com:8010/;
RADYO EGE,https://radio-streaming.net/turkey/radyo-ege-izmir/icecast.audio
RADYO EGE,https://radio-streaming.net/turkey/radyo-ege-izmir/playlist.m3u8
RADYO EGENİN SESİ,http://dijimedya.radyotvonline.net/radyoegeninsesi
RADYO EHLİBEYT,http://51.77.72.72:7532/;
RADYO EKO,https://17773.live.streamtheworld.com/RD_EKOAAC.aac
RADYO EKSEN,http://eksenwmp.radyotvonline.com/;
RADYO EKSEN,https://ssldyg.radyotvonline.com/pozitif/smil:eksen.smil/playlist.m3u8
RADYO EN Konya,http://yayin2.canliyayin.org:7222/;
RADYO ENERJİ,https://trkvz-radyolar.ercdn.net/radyoenergy/playlist.m3u8
RADYO ENGELSİZ ERİŞİM,https://radyo1.radyo-dinle.tc:7034/;
RADYO ERKAN,http://sunucu2.radyolarburada.com:8095/;
RADYO ES Almanya,http://radyoes.kesintisizyayin.com:7216/;
RADYO ESINTI,https://ip169.ozelip.com/9620///stream/?icy=http
RADYO EXRA,http://46.105.35.48:9340/;
RADYO FENERBAHÇE,http://91.232.174.18:8000/Stream
RADYO FENERBAHÇE,ttps://ssl4.radyotvonline.com/radyohome/radyofenerbahcehome.stream_aac/playlist.m3u8
RADYO FIRAT,http://radyofirat.radyotvyayini.com:8920/;
RADYO FLASH Aydın,http://yayin.yayindakiler.com:4096/;
RADYO FLASH Aydın,http://yayin2.yayindakiler.com:4096/;
RADYO FLASH,https://sslyayin.netyayin.net/2384/stream
RADYO FON,http://sunucu.radyodinle.com:9188/;
RADYO FSM,http://yayin2.canliyayin.org:8050/;
RADYO FULL,http://radyofullhd.canliyayinda.com:8050/;
RADYO FİGAN,https://anadolu.liderhost.com.tr:10872/;
RADYO GALATA,https://anadolu.liderhost.com.tr:10956/;
RADYO GEDİK,https://radyo-g.gedik.edu.tr/stream.mp3
RADYO GENÇLİK,http://radyogenclik.com:9900/;
RADYO GERCEK SAMSUN,http://185.98.62.130:35257/;
RADYO GOL,https://moondigitalmaster.radyotvonline.net/radyogol/playlist.m3u8
RADYO GÖZDE,http://yayin1.yayindakiler.com:3056/;
RADYO GÜL,http://yayin2.canliyayin.org:8866/;
RADYO GÜLÜSTAN,http://37.59.205.232:9320/;
RADYO GÜLÜSTAN,https://anadolu.liderhost.com.tr:10967/;
RADYO GÜNBATI,http://radyogunbati.ozelip.com:9890/;
RADYO GÜNDEM,http://sr1.netmedya.org:10542/;
RADYO GÜNEY,http://sunucu2.radyolarburada.com:9920/;
RADYO GİREBİ,https://ssl123.ozelip.com/8066/;
RADYO GİREBİ,https://ssl123.ozelip.com:7033/;
RADYO GİZ FM,https://sp.radyotescil.com/8028/;
RADYO HABER,http://yayin.yayindakiler.com:4118/;
RADYO HACETTEPE,http://193.140.237.20:8000/;
RADYO HALİKARNAS,https://17733.live.streamtheworld.com/RD_HALIKARNASAAC.aac
RADYO HAMSİ,http://radyo.hamsi.fm:8050/;
RADYO HAN,http://yayin2.yayindakiler.com:4128/;
RADYO HATİM,https://anadolu.liderhost.com.tr:10998/;
RADYO HAYAT,http://live4.radyotvonline.com:9450/;
RADYO HİLTON,https://radyo1.radyo-dinle.tc:7001/;
RADYO HİRAS,http://yayin.radyohiras.com:9080/;
RADYO K,http://yayin2.canliyayin.org:8200/;
RADYO KABE,https://anadolu.liderhost.com.tr:10955/;
RADYO KALPLERİN SESİ,https://anadolu.liderhost.com.tr:10873/;
RADYO KARABALI,http://95.173.162.182:9884/;
RADYO KARADENİZ,https://radyo1.radyo-dinle.tc:7041
RADYO KAÇKAR,https://ssl120.radyotelekom.com.tr/8678/stream
RADYO KENT,https://radyo1.radyo-dinle.tc:7060/;
RADYO KORDELYA,http://38.96.148.39:8646/;
RADYO KULÜP 95.5 Zonguldak,https://cdn-radyokulup.yayin.com.tr/radyokulup/radyokulup/playlist.m3u8
RADYO KURAN,https://anadolu.liderhost.com.tr:10995/;
RADYO Kİ,http://radyoki.kocaeli.edu.tr:8000/;
RADYO LMK,http://95.173.188.156:9784/;
RADYO LOVE,https://anadolu.liderhost.com.tr:10997/;
RADYO LİNE,http://37.247.114.250:8000/;
RADYO LİNE,http://radioline.fm:8000/;
RADYO LİNE,https://vofile.ru/turkey/radio_line_dinle/icecast.audio
RADYO LİNE,https://vofile.ru/turkey/radio_line_dinle/playlist.m3u8
RADYO MAKARA,http://95.173.188.166:9500/;
RADYO MAKARA,https://ip169.ozelip.com:10998/;
RADYO MANAVGAT,http://sunucu.radyodinle.com:8355/;
RADYO MASTİKA,http://radyo.yayin.com.tr:5950/;
RADYO MAVİ,http://sunucu.radyodinle.com:8070/;
RADYO MEAL,https://anadolu.liderhost.com.tr:10993/;
RADYO MEDYA İnegöl,http://95.173.184.17:9954/;
RADYO MEGA Sakarya,http://95.173.188.155:7788/;
RADYO MEGA,http://radyomega.ozelip.com:8210/;
RADYO MEGASTAR,http://95.173.188.166:9902/;
RADYO MEGASİTE,http://mega.netradyom.com:7900/;
RADYO MEGASİTE,http://yayin.netradyom.com:7900/;stream.mp3
RADYO MEGASİTE,https://vofile.ru/turkey/radyo_megasite/icecast.audio
RADYO MEGASİTE,https://vofile.ru/turkey/radyo_megasite/playlist.m3u8
RADYO MERCAN,http://yayin2.canliyayin.org:8400/;
RADYO METROPOL,http://sunucu2.radyolarburada.com:5544/;
RADYO MEYDAN,https://sp.radyotescil.com/8038/;stream
RADYO MEŞALE,http://yayin.yayindakiler.com:3158/;
RADYO MODA Samsun,https://yayin.radyomoda.com.tr:80/;type=mp3
RADYO MODOKO,https://sslyayin.radyoyayini.com:7002/;
RADYO MUHABBET,https://radyo1.radyo-dinle.tc:7051/;
RADYO MUSİKİ,http://46.20.4.108/Stream8
RADYO MUSİKİ,http://dijimedya.radyotvonline.net/radyomusiki
RADYO MUĞLA,http://yayin.yayindakiler.com:3006/;
RADYO MUĞLA,https://vofile.ru/turkey/ornek_radyo/icecast.audio
RADYO MUĞLA,https://vofile.ru/turkey/ornek_radyo/playlist.m3u8
RADYO MİDAS,https://ip169.ozelip.com/8012/stream
RADYO MİX,http://radyo.yayin.com.tr:4050/stream/2/;
RADYO NET Adapazarı,https://ssl-radyo.yayin.com.tr:9990/;
RADYO NİKOMEDYA,http://yayin.netyayin.net:2631/;
RADYO NİSBET,https://anadolu.liderhost.com.tr:10875/;
RADYO ODTÜ CANLI,https://stream.radyoodtu.com.tr/canli;
RADYO ODTÜ EASY,https://stream.radyoodtu.com.tr/easy;
RADYO ODTÜ HİT,https://stream.radyoodtu.com.tr/hit;
RADYO ODTÜ KARIŞIK KASET,https://stream.radyoodtu.com.tr/karisikkaset;
RADYO ODTÜ ROCK,http://stream.radyoodtu.com.tr/rock;
RADYO ON,http://yayin.turkhosted.com:6038/;
RADYO ONLİNE TÜRK,https://anadolu.liderhost.com.tr:10960/;
RADYO ORJİNAL,https://anadolu.liderhost.com.tr:10938/;
RADYO OTOMOBİL,http://srv2.streaming-ingenierie.fr:8160/;
RADYO PEGAL Biga,http://sunucu.radyodinle.com:8770/;
RADYO PLAY,http://radyo1.radyo-dinle.tc:8036/;stream.mp3
RADYO POLAT,https://sslyayin.radyoyayini.com:7001/;
RADYO POP,http://80.radyopop.com/stream/1/
RADYO RUMELİM,http://radyorumelim.canliyayinda.com:8690/;
RADYO RİTM,http://radyo.yayin.com.tr:8091/;
RADYO SAHİL,http://www.radyosahil.com.tr:8000/radyosahil.ogg
RADYO SAMSUN,https://radyosam.80.yayin.com.tr/;
RADYO SANAT MÜZİĞİ,http://radyo.yayin.com.tr:5932/;
RADYO SARAY,http://wsonic.tepehosting.com:9960/;
RADYO SEKK,https://radyo1.radyo-dinle.tc:7003/;
RADYO SEMBOL,https://anadolu.liderhost.com.tr:10941/;
RADYO SENAM,http://yayin2.canliyayin.org:7070/;
RADYO SES Eskişehir,http://live2.radyotvonline.com:8095/;
RADYO SES Eskişehir,https://radio-streaming.net/turkey/radyo-ses-eskisehir/icecast.audio
RADYO SES Eskişehir,https://radio-streaming.net/turkey/radyo-ses-eskisehir/playlist.m3u8
RADYO SES,http://31.6.86.17:8005/;
RADYO SES,https://vofile.ru/turkey/radyo_ses_92-7_dinle/icecast.audio
RADYO SEVİMLİ,http://yayin2.canliyayin.org:7887/;
RADYO SEYHAN,http://yayin2.yayindakiler.com:4000/stream
RADYO SEYHAN,https://radio-streaming.net/turkey/radyo-seyhan-adana/icecast.audio
RADYO SEYHAN,https://radio-streaming.net/turkey/radyo-seyhan-adana/playlist.m3u8
RADYO SEYMEN,http://yayin.radyoseymen.com.tr:1070/;stream.mp3
RADYO SLAYT,https://anadolu.liderhost.com.tr:10925/;
RADYO SOFT,https://trkvz-radyolar.ercdn.net/radyosoft/playlist.m3u8
RADYO SPACE,https://anadolu.liderhost.com.tr:10914/;
RADYO SPOR,http://46.20.7.103:8040/;
RADYO SPOR,https://ssl4.radyotvonline.com/radyohome/radyosporhome.stream_aac/playlist.m3u8
RADYO SiS,http://185.83.145.228:8000/;
RADYO SİNERJİ,http://162.254.207.45:9994/;
RADYO SİNERJİ,https://radio-streaming.net/turkey/radyo-sinerji-99-0/icecast.audio
RADYO SİNERJİ,https://radio-streaming.net/turkey/radyo-sinerji-99-0/playlist.m3u8
RADYO TAVERNA,http://94.102.2.199:9710/;
RADYO TEK Erzincan,http://yayin2.yayindakiler.com:4202/;
RADYO TRAFİK Ankara,http://37.247.100.118/stream/462/
RADYO TRAFİK MARMARA,http://37.247.100.118/stream/68/
RADYO TRAFİK İSTANBUL,http://37.247.100.118/stream/157/
RADYO TRAFİK,https://ssl4.radyotvonline.com/radyohome/radyotrafikhome.stream_aac/playlist.m3u8
RADYO TURAN,https://anadolu.liderhost.com.tr:10996/;
RADYO TURKUVAZ,https://trkvz-radyolar.ercdn.net/radyoturkuvaz/playlist.m3u8
RADYO TUTKU,http://sunucu.radyodinle.com:4999/;
RADYO TÜRK HAREKETİ,http://radyo.yayin.com.tr:6056/stream
RADYO TÜRKÜ,http://RadioTurku.Com:9400
RADYO TÜRKÜEVİ,http://95.0.173.195:9000/turku
RADYO TÜRKİYEM Tokat,http://yayin.turkiletisim.com.tr:9207/;
RADYO Tİ,http://37.59.205.232:8040/;
RADYO Tİ,https://anadolu.liderhost.com.tr:10968/;
RADYO UMUT Rize,http://karadenizumutradyo.com:8000/;
RADYO UMUT,http://176.9.78.226:30001
RADYO VATAN Kıbrıs,http://95.0.173.195:9002/vatan
RADYO VATAN NİHAVENT Kıbrıs,http://95.0.173.195:9001/nihavent
RADYO VATAN TÜRKÜ Kıbrıs,http://95.0.173.195:9000/turku
RADYO VOKAL,http://37.247.98.8/stream/35/
RADYO VOKAL,https://moondigitalmaster.radyotvonline.net/radyovokal/playlist.m3u8
RADYO VOYAGE,http://voyagewmp.radyotvonline.com/;
RADYO VOYAGE,https://ssldyg.radyotvonline.com/pozitif/smil:voyage.smil/playlist.m3u8
RADYO VİVA,http://46.20.3.231/;
RADYO VİVA,https://moondigitaledge.radyotvonline.net/radyoviva/playlist.m3u8
RADYO VİVA,https://ssl4.radyotvonline.com/radyohome/radyovivahome.stream_aac/playlist.m3u8
RADYO VİZYON ANKARA,http://yayin.netradyom.com:9304/;
RADYO VİZYON BEBEK,http://yayin.netradyom.com:9314/;
RADYO VİZYON DANCE,http://yayin.netradyom.com:9302/;
RADYO VİZYON HALK,http://yayin.netradyom.com:9312/;
RADYO VİZYON KLASİK,http://yayin.netradyom.com:9318/;
RADYO VİZYON LOUNGE,http://yayin.netradyom.com:9308/;
RADYO VİZYON NOSTALJİ,http://yayin.netradyom.com:9316/;
RADYO VİZYON ROCK,http://yayin.netradyom.com:9306/;
RADYO VİZYON SEK,http://yayin.netradyom.com:9310/;
RADYO VİZYON,http://yayin.netradyom.com:9300/;
RADYO YAKAMOZ,http://live4.radyotvonline.com:6570/;
RADYO YAKAMOZ,https://vofile.ru/turkey/radyo_yakamoz_dinle/icecast.audio
RADYO YAKAMOZ,https://vofile.ru/turkey/radyo_yakamoz_dinle/playlist.m3u8
RADYO YANSIMA,http://95.173.162.181:9912/;
RADYO YAREN,http://radyoyaren.radyotvyayini.com:8042/;
RADYO YESIL MAVI RIZE,http://radyoyesilmavi.kesintisizyayin.com:9810/;
RADYO YÜKSEL,http://yayin.canliyayin.org:8232/;
RADYO iLAHi Kürtçe,http://RADYOiLAHi.ORG:9200
RADYO iLAHi,http://RADiOiLAHi.COM:9600
RADYO ÇANAKKALE,http://95.173.185.128:9332/;
RADYO ÇAĞDAŞ,http://sr1.netmedya.org:443/radyocagdas
RADYO ÇETİN,http://www.radyocetin.com:9304/;
RADYO ÇINAR,http://sunucu.radyodinle.com:7634/;
RADYO ÇİLEK 74,http://94.102.5.18:9944/;
RADYO ÜLKÜ,http://radyo.yayin.com.tr:4006/;
RADYO ÜNİVERSİTE,https://59cba4d34b678.streamlock.net/radyo/radyouniversite/playlist.m3u8
RADYO İLAHİ,https://anadolu.liderhost.com.tr:10994/;
RADYO İLAÇ,http://95.173.184.20:9798/;
RADYO İLKE,https://ssl120.radyotelekom.com.tr:10681/;
RADYO İMPARATOR,http://radyo.yayin.com.tr:4012/;stream.mp3
RADYO İMZA,https://anadolu.liderhost.com.tr:10952/;
RADYO İNTİZAR,http://dijimedya.radyotvonline.net/radyointizar
RADYO İZMİR FM,http://usa4.fastcast4u.com:5414/;
RADYO İZMİR FM,https://usa4.fastcast4u.com/proxy/radyoizmirfm?mp=/mp3stream128
RADYO İZMİT,http://yayin1.yayindakiler.com:3074/;
RADYO ŞANLI,https://radyo1.radyo-dinle.tc:7020/;
RADYO ŞEKER,http://sunucu2.radyosfer.com:9330/;
RADYO ŞİRİN,http://live4.radyotvonline.com:9570/;
RADYO ŞİRİN,http://yayin.radyosirin.com:9570/;
RADİO 5 Legend,http://radiocom.80.yayin.com.tr/stream
RADİO 5,https://radiotrc.80.yayin.com.tr/stream
RADİO BEATBOX,http://dijimedya.radyotvonline.net/radiobeatbox
RADİO FIRAT FM,https://anadolu.liderhost.com.tr:10913/;
RADİO LİFE,http://yayin2.canliyayin.org:8698/;
RADİO LİFE,https://radio-streaming.net/turkey/radio-life-kayseri/icecast.audio
RADİO LİFE,https://radio-streaming.net/turkey/radio-life-kayseri/playlist.m3u8
RADİO NET ARABESK,https://anadolu.liderhost.com.tr:10981/;
RADİO NET DANCE,https://anadolu.liderhost.com.tr:10982/;
RADİO NET LOWE,https://anadolu.liderhost.com.tr:10979/;
RADİO NET,https://anadolu.liderhost.com.tr:10983/;
RADİO SYON FM,https://anadolu.liderhost.com.tr:10989/;
RADİO İBRE,https://anadolu.liderhost.com.tr:10902/;
RAP HOME,https://moondigitalmaster.radyotvonline.net/raphome/playlist.m3u8
REKLAMSIZ RADYO,http://netradyon.online:9862/stream
RELAX HOME,https://moondigitalmaster.radyotvonline.net/relaxhome/playlist.m3u8
REMİX TÜRK,http://remixtu1.80.yayin.com.tr//mp3/1/?icy=http
RENK FM,http://dinle.renk-fm.com:7062/;
RETRO TURK,https://17733.live.streamtheworld.com/RETROTURK128AAC.aac
ROCK FM,http://rockfm.rockfm.com.tr:9450
ROCKLAND,http://46.20.4.34/radyoland/rockland.stream/playlist.m3u8
ROCKLAND,https://moondigitaledge.radyotvonline.net/rockland/playlist.m3u8
ROMANTİK ADAM FM,https://radyo1.radyo-dinle.tc:7008/;
ROMANTİK TÜRK,http://radyo.yayin.com.tr:6042/;
RS FM,https://sndria.gcdn.co/voicestm
RİBAT FM,http://yayin1.canliyayin.org:7010/;
RİSALE RADYO,https://radyo1.radyo-dinle.tc:7016/;
RİZE TURK,http://kalite.radyoyayini.com:8036/;
RİZE TURK,https://sslyayin.radyoyayini.com:7064/;
SAKARYA RADYO NET,https://ssl-radyo.yayin.com.tr:9990/;
SAMSUN TUTKU FM,http://yayin2.yayindakiler.com:4038/;
SANART FM,https://anadolu.liderhost.com.tr:10915/;
SARI TRAMVAY,http://46.20.4.34/radyoland/saritramvay.stream/playlist.m3u8
SARI TRAMVAY,https://moondigitaledge.radyotvonline.net/saritramvay/playlist.m3u8
SEMERKAND RADYO,https://mtisvwurbfcyslive.mediatriple.net/mtisvwurbfcyslive/broadcast_58e23cb112296.smil/playlist.m3u8
SERHAT FM,http://sunucu2.radyolarburada.com:9150/;
SESLİ MOBİL FM,https://anadolu.liderhost.com.tr:10985/;
SEYDİŞEHİR FM,https://freeuk12.listen2myradio.com/live.mp3?typeportmount=s2_27922_stream
SEYR FM,https://sslyayin.netyayin.net/8024/stream
SEZA FM,https://anadolu.liderhost.com.tr:10940/;
SEZEN RADYO,https://radyo1.radyo-dinle.tc:7018/;
SHOW RADYO,http://46.20.3.229/;
SHOW RADYO,https://moondigitaledge.radyotvonline.net/show/playlist.m3u8
SHOW RADYO,https://moondigitalmaster.radyotvonline.net/show/playlist.m3u8
SHOW RADYO,https://ssl4.radyotvonline.com/radyohome/showradyohome.stream_aac/playlist.m3u8
SILA FM,http://95.173.188.154:9910/;
SLOW HOME,https://moondigitalmaster.radyotvonline.net/slowhome/playlist.m3u8
SLOW KARADENİZ FM,http://dinle.slowkaradenizfm.com:9578/;
SLOW KARADENİZ FM,https://ssl162.ozelip.com/asistan/stream/fd02a93f231cba7593e027682f8fcad5
SLOW RADYO,http://yayindaslowradyo.net:5050/;
SLOW RADYO,https://anadolu.liderhost.com.tr:10973/;
SLOW TİME,http://46.20.7.103:8030/;
SLOW TİME,https://moondigitalmaster.radyotvonline.net/slowtime/playlist.m3u8
SLOW TİME,https://ssl4.radyotvonline.com/radyohome/slowtimehome.stream_aac/playlist.m3u8
SLOW TİME,https://vofile.ru/turkey/Slow_Time/icecast.audio
SLOW TİME,https://vofile.ru/turkey/Slow_Time/playlist.m3u8
SLOWTÜRK,https://radyo.duhnet.tv/slowturk
SOLMAZ FM,http://ip16.radyotelekom.com:9994/;
SOMA FM,http://95.173.188.166:9302/;
SOMA FM,https://vofile.ru/turkey/radyo_soma_fm_dinle/icecast.audio
SRT FM,http://94.102.5.183:9902/;
STAR ARTI FM,http://yayin.morkarinca.com:8282/;
STAR ARTI FM,https://vofile.ru/turkey/star_arti_dinle/icecast.audio
SUN RADYO,https://tr.socialsmart.tv/sunradyo/bant1/icecast.audio
SUNN FM,https://anadolu.liderhost.com.tr:10881/;
SÜPER FM 2,https://17703.live.streamtheworld.com/SUPER2.mp3
SÜPER FM,https://17733.live.streamtheworld.com/SUPER_FM.mp3
SİNOP GÖZDE FM,http://yayin1.yayindakiler.com:3096/;
SİVAS FM,http://yayin2.canliyayin.org:8180/;
SİVAS FM,https://vofile.ru/turkey/sivas_fm_dinle/icecast.audio
SİZ FM,https://player.gen.tr/listen/fe098f6c3958f5db9e4afef14f3fb609
TAKA FM,http://dj.msteknoloji.com:8586/;stream.nsv
TAKSİM FM ARABESK,http://cast1.taksim.fm:8008/;
TAKSİM FM ARABİC,http://cast1.taksim.fm:8006/;
TAKSİM FM CLUB MİX,http://cast1.taksim.fm:8016/;
TAKSİM FM OYUN HAVASI,http://cast1.taksim.fm:8012/;
TAKSİM FM POP,http://cast1.taksim.fm:8014/;
TAKSİM FM RAP,http://cast1.taksim.fm:8018/;
TAKSİM FM ROCK,http://cast1.taksim.fm:8010/;
TAKSİM FM SLOW,http://cast1.taksim.fm:8002/;
TAKSİM FM,http://95.211.162.32:8000/;
TAKSİM FM,http://cast1.taksim.fm:8000/;
TARZ RADYO,https://anadolu.liderhost.com.tr:10895/;
TATVAN RADYO 13,http://yayin1.yayindakiler.com:3050/;
TEKİRDAĞ RADYO CAN,http://yayin2.yayindakiler.com:4174/;
TEKİRDAĞ RADYO HABER,http://yayin2.yayindakiler.com:4118/;
TEKİRDAĞ RADYO PEKER,http://yayin.turkhosted.com:6052/;
TEKİRDAĞ YILDIZ FM,http://radyo.yayin.com.tr:5940/stream
TEST RADYO,http://radyo.yayin.com.tr:5910/;
TEZENE,https://moondigitaledge.radyotvonline.net/tezene/playlist.m3u8
TGRT FM,https://5e6ab1e5b06a6.streamlock.net/tgrtfm_live/tgrtfm_yuksek/playlist.m3u8
THE ROCK RADİO,https://moondigitalmaster.radyotvonline.net/therockradio/playlist.m3u8
TOKAT ÖZLEM FM,http://yayin.turkiletisim.com.tr:1080/;
TOROS FM,https://streaming2.hostingmontevideo.com:7016/;
TOSYA CİHAN FM,http://radyo.yayin.com.tr:5942/;
TOURİSM FM,https://ssl-radyo.yayin.com.tr:5990/;
TRABZON KUZEY RADYO,http://yayin1.yayindakiler.com:3028/;
TRABZON RADYO,http://yayin3.canlitv.com:5040/;
TRAKYA FM,http://trakyafm.canliyayinda.com:9039/;
TRD 1 EKSTRA,https://live.streamlojik.com:8000/trd1x.aac
TRD 1,https://live.streamlojik.com:8000/trd1.aac
TRD 2 ALTIN,https://live.streamlojik.com:8000/trd2.aac
TRD 3 SANAT,https://live.streamlojik.com:8000/trd3.aac
TRD 4 HALK,https://live.streamlojik.com:8000/trd4.aac
TRT ANTALYA,https://radio-trtantalya.live.trt.com.tr/master.m3u8
TRT ERZURUM,https://radio-trterzurum.live.trt.com.tr/master.m3u8
TRT FM,https://radio-trtfm.live.trt.com.tr/master.m3u8
TRT FM,https://ssl4.radyotvonline.com/radyohome/trtfm.stream_aac/playlist.m3u8
TRT GAP DİYARBAKIR,https://radio-trtgap.live.trt.com.tr/master.m3u8
TRT MEMLEKETİM FM,https://radio-trtmemleketimfm.live.trt.com.tr/master.m3u8
TRT NAĞME,https://radio-trtnagme.live.trt.com.tr/master.m3u8
TRT NAĞME,https://ssl4.radyotvonline.com/radyohome/trtnagme.stream_aac/playlist.m3u8
TRT RADYO 1,https://radio-trtradyo1.live.trt.com.tr/master.m3u8
TRT RADYO 1,https://ssl4.radyotvonline.com/radyohome/trtradyo1.stream_aac/playlist.m3u8
TRT RADYO 3,https://radio-trtradyo3.live.trt.com.tr/master.m3u8
TRT RADYO 3,https://ssl4.radyotvonline.com/radyohome/trtradyo3.stream_aac/playlist.m3u8
TRT RADYO 6,https://radio-trtradyo6.live.trt.com.tr/master.m3u8
TRT RADYO HABER,https://radio-trtradyohaber.live.trt.com.tr/master.m3u8
TRT TRABZON,https://radio-trttrabzon.live.trt.com.tr/master.m3u8
TRT TÜRKÜ,https://radio-trtturku.live.trt.com.tr/master.m3u8
TRT TÜRKÜ,https://ssl4.radyotvonline.com/radyohome/trtturku.stream_aac/playlist.m3u8
TRT TÜRKİYE'NİN SESİ,https://radio-trttsr.live.trt.com.tr/master.m3u8
TRT VOİCE OF TURKEY EAST,https://radio-trtvoteast.live.trt.com.tr/master.m3u8
TRT VOİCE OF TURKEY WEST,https://radio-trtvotwest.live.trt.com.tr/master.m3u8
TRT VOİCE OF TURKEY WORLD,https://radio-trtvotworld.live.trt.com.tr/master.m3u8
TRT ÇUKUROVA,https://radio-trtcukurova.live.trt.com.tr/master.m3u8
TULU RADYO FM,http://yayin2.canliyayin.org:8248/;
TUNCELİ BARIŞ FM,http://sunucu.radyodinle.com:8510/;
TUNCELİ RADYO MUNZUR,http://yayin1.yayindakiler.com:3002/live
TURKUAZ FM,http://onair.turkuazfm.be:1078/;
TURKUAZ OTO DJ,https://anadolu.liderhost.com.tr:10918/;
TURKUVAZ ANADOLU,https://trkvz-radyolar.ercdn.net/turkuvazanadolu/playlist.m3u8
TURKUVAZ EFSANE,https://trkvz-radyolar.ercdn.net/turkuvazefsane/playlist.m3u8
TURKUVAZ MUSİKİ,https://trkvz-radyolar.ercdn.net/turkuvazmusiki/playlist.m3u8
TURKUVAZ NOSTALJİ,https://trkvz-radyolar.ercdn.net/turkuvaznostalji/playlist.m3u8
TURKUVAZ ROMANTİK,https://trkvz-radyolar.ercdn.net/turkuvazromantik/playlist.m3u8
TUTKU FM Samsun,http://yayin2.yayindakiler.com:4038/;
TUTKU FM Van,http://sunucu.radyodinle.com:4999/;
TUTKU FM Van,https://radio-streaming.net/turkey/tutku-fm-98-0/icecast.audio
TUTKU FM Van,https://radio-streaming.net/turkey/tutku-fm-98-0/playlist.m3u8
TÜRK SANAT MÜZİĞİ FM,http://TsmFm.Com:9100
TÜRKCENIN SESI RADYOSU,http://46.101.114.204:8000/;
TÜRKLAND,http://46.20.4.34/radyoland/turkland.stream/playlist.m3u8
TÜRKLAND,http://46.20.4.34/radyoland/turkland.stream/playlist.m3u8
TÜRKLAND,https://moondigitaledge.radyotvonline.net/turkland/playlist.m3u8
TÜRKÇE REMİX,http://95.173.162.187:7688/stream
TÜRKÜ FM,http://dinle.arabeskradyo.biz:7446/;
TÜRKÜ RADYO,http://radyo.turkuradyo.net:4591/;
TÜRKÜLERLE TÜRKİYE,https://moondigitalmaster.radyotvonline.net/turkulerleturkiye/playlist.m3u8
TÜRKİYE POLİS RADYOSU TSM,https://m.egm.gov.tr:8095/;
TÜRKİYE POLİS RADYOSU,https://m.egm.gov.tr:8093/;
TÜRKİYEM FM,http://server3.streamserver24.com:23764/;
TİYATRO RADYOSU,https://anadolu.liderhost.com.tr:10885/;
ULUSAL RADYO,http://162.254.207.45:9302/;
UMUT FM,http://yayin1.canliyayin.org:8888/;
VAN FM,http://yayin2.yayindakiler.com:4040/;
VAV RADYO,https://trkvz-radyolar.ercdn.net/radyovav/playlist.m3u8
VIRGIN RADIO,https://17773.live.streamtheworld.com/VIRGIN_RADIO.mp3
VUSLAT RADYO,http://yayin1.canliyayin.org:8282/;stream.nsv
VİTAMİN FM Rize,http://dinle.vitaminfm.com:8004/;
WORLD HİTS,https://moondigitaledge.radyotvonline.net/worldhits/playlist.m3u8
YAKAMOZ FM,https://ozelip.com/listen/e85379e88ca1247cdc27c46158c9faf7
YANKI FM Bolu,http://159.253.39.179:9918/;
YANSUN FM Rize,http://dinle.yansunfm.com:5353/;
YANSUN FM Rize,https://ssl190.ozelip.com/asistan/stream/460533be96b9a29dde5ea142455585e3
YENİKÖY FM,https://anadolu.liderhost.com.tr:10924/;
YILDIZ FM,http://radyo.yayin.com.tr:5940/;
YOL ARKADAŞIM,https://17703.live.streamtheworld.com/EVENT3128AAC.aac
YOZ DUYGUSAL FM,http://95.173.188.155:9596/;
YOZGAT SURMELI FM,http://surmelifm.kesintisizyayin.com:8590/;
YUNUS FM,http://95.173.162.184:7350/;
YÖN RADYO,http://yonradyo.radyolarburada.com:8020/;stream/1
YÖRÜK FM,http://stream.taksimbilisim.com:8024/;
YÖRÜK FM,https://radio-streaming.net/turkey/yoruk-fm-mersin/icecast.audio
YÖRÜK FM,https://radio-streaming.net/turkey/yoruk-fm-mersin/playlist.m3u8
ZARA FM,http://sunucu.radyodinle.com:8150/;
ZEN CHOPPER,https://anadolu.liderhost.com.tr:10877/;
ZEN NOSTALJİ,http://37.59.205.232:7794/;
ZEN NOSTALJİ,https://anadolu.liderhost.com.tr:10879/;
ZEN RADYO,http://37.59.205.232:7798/;
ZEN RADYO,https://anadolu.liderhost.com.tr:10880/;
ZEN YABANCI,http://37.59.205.232:7796/;
ZEN YABANCI,https://anadolu.liderhost.com.tr:10878/;
ZENLAND,http://46.20.4.34/radyoland/zenland.stream/playlist.m3u8
ZENLAND,https://moondigitaledge.radyotvonline.net/zenland/playlist.m3u8
ZIRVE RADYO,http://radyozirve.canliyayinda.com/;
ÇAMLICA FM,http://95.173.185.43:9314/;
ÇAN FM,http://sunucu.radyodinle.com:8760/;
ÇAN FM,https://radio-streaming.net/turkey/can-radyo-canakkale/playlist.m3u8
ÇAYCUMA RADYO TEK,http://radyovetv.com:6008/;stream.mp3
ÇAYELİ FM,https://radyo1.radyo-dinle.tc:7014/;
ÇAĞLAR FM Malatya,http://95.9.6.87:8788/;
ÇAĞLAR FM Malatya,https://vofile.ru/turkey/caglar_fm_malatya_95_3/icecast.audio
ÇAĞRI FM,http://yayin1.canliyayin.org:8202/;stream.mp3
ÇORLU FM,https://59cba4d34b678.streamlock.net/radyo/corlufm/playlist.m3u8
ÇORLU RADYO GÜNDEM,https://icecast.netmedya.net/radyogundem
ÇORLU TEMPO FM,https://stream2.rtvtakip.com:7016/;stream.mp3
ÇORUM FM,http://stream.taksimbilisim.com:8028/;stream.mp3
ÇİĞLİ FM,https://anadolu.liderhost.com.tr:10887/;
ÖMRÜM FM,https://ip169.ozelip.com:10770/;
ÖMÜR RADYO,http://anadolu.liderhost.com.tr/9002/stream
ÖNCÜ RADYO,http://stream.taksimbilisim.com:8004/;
ÖZEL FM,http://85.95.248.111:8014/;
ÖZGÜR RADYO,http://95.173.188.170:9898/;type=mp3
ÖZGÜR RADYO,http://kesintisizyayin.com:1656/;
ÖZGÜR RADYO,https://vofile.ru/turkey/ozgur_radyo/icecast.audio
ÖZLEM FM,http://yayin.turkiletisim.com.tr:1080/;
ÜLKÜ FM,http://yayin.yayindakiler.com:4112/;stream.mp3
ÜNYE MELODİ FM,http://yayin.melodifm.net/melodifm
ÜRGÜP FM,http://31.192.215.204:9956/;
İLAÇ DAMAR FM,https://radio.radyotescil.net:7021/;
İLKGÜN RADYO,https://ssl123.ozelip.com/8058/;
İLKGÜN RADYO,https://ssl123.ozelip.com:7029/;
İMPARATOR FM,http://109.169.15.20:28949/;type=mp3
İNCİ FM,http://ip186.radyotelekom.org:9794/;
İSPARTA ARKADAŞ FM,http://yayin.yayindakiler.com:4134/;
İSRA FM,http://yayin1.canliyayin.org:8210/;
İSTANBUL FM,https://stream2.rtvtakip.com:7000/stream?icy=http
İSTANBUL KENT FM,http://46.20.7.101/stream/267/;
İSTANBUL'UN SESİ RADYOSU,http://shoutcast.gostream.nl:8110/;
İTÜ JAZZ - BLUES,http://160.75.86.29:8088/stream/3/
İTÜ KLASİK MUSİC,http://160.75.86.29:8088/stream/5/
İTÜ RADYOSU ROCK,http://160.75.86.29:8088/stream/1/
ŞAFAK RADYO Gaziantep,http://yayin2.canliyayin.org:7070/;
ŞAFAK RADYO Kayseri,http://safakradyo.com:2626/;
ŞAFAK RADYO İLAHİ,http://yayin.netyayin.net:7200/;
ŞANLIURFA RADYO MEDYA,http://yayin.yayindakiler.com:4016/;stream.mp3
ŞEMDİNLİ FM,https://anadolu.liderhost.com.tr:10948/;
